,Half,Time,Idactor1,Idactor2,EventName,BodyPart,TargetX,TargetY
0,1,0,,,HalfTime Start,,,
1,1,57,617173,,Pass,foot,,
2,1,1095,997427,,Reception,foot,,
3,1,2375,551844,,Pass,foot,,
4,1,5374,507914,,Pass,Header,,
5,1,6613,869616,,Hold of ball,,,
6,1,12345,869616,,Pass,Hands (dropped),,
7,1,14649,740462,,Pass,foot,,
8,1,15643,597710,,Reception,foot,,
9,1,16202,597710,,Pass,foot,,
10,1,16322,865302,,Block,foot,,
11,1,17641,1058906,,Reception,foot,,
12,1,18038,1058906,,Pass,foot,,
13,1,18882,865302,,Pass,foot,,
14,1,21426,507914,,Pass,foot,,
15,1,22478,704169,,Pass,foot,,
16,1,23176,922857,,Pass,foot,,
17,1,24133,897314,,Reception,foot,,
18,1,25141,897314,,Running with ball,foot,,
19,1,25660,897314,,Running with ball,foot,,
20,1,26199,897314,,Running with ball,foot,,
21,1,26924,897314,,Shot not on target,Left foot,5250,-700
22,1,27816,,,Out for goal kick,,,
23,1,52262,869616,,Pass,foot,,
24,1,55190,997427,1169228,Foul - Direct free-kick,,,
25,1,59293,1142529,,Pass,foot,,
26,1,60376,747138,,Reception,foot,,
27,1,61648,747138,,Pass,foot,,
28,1,63849,740462,,Pass,foot,,
29,1,65966,597710,,Pass,foot,,
30,1,66620,551844,704169,Reception,foot,,
31,1,67329,551844,,Pass,foot,,
32,1,68010,740462,,Reception,foot,,
33,1,68773,740462,,Pass,foot,,
34,1,69757,1169228,997427,Pass,foot,,
35,1,72237,1061291,,Reception,foot,,
36,1,72585,1061291,,Running with ball,foot,,
37,1,73403,1061291,,Running with ball,foot,,
38,1,74152,1061291,,Pass,foot,,
39,1,75248,997427,,Reception,foot,,
40,1,75750,997427,,Pass,foot,,
41,1,78215,736418,,Reception,foot,,
42,1,78742,736418,,Running with ball,foot,,
43,1,79600,736418,,Pass,foot,,
44,1,81269,997427,,Reception,foot,,
45,1,82731,997427,,Running with ball,foot,,
46,1,84782,997427,,Running with ball,foot,,
47,1,85648,997427,,Running with ball,foot,,
48,1,88246,997427,,Pass,foot,,
49,1,90353,551844,,Reception,foot,,
50,1,91386,551844,,Pass,foot,,
51,1,93258,865302,,Reception,foot,,
52,1,94568,865302,,Pass,foot,,
53,1,95956,1058906,,Reception,foot,,
54,1,96738,1058906,,Running with ball,foot,,
55,1,98637,1058906,,Pass,foot,,
56,1,100056,865302,,Reception,foot,,
57,1,100639,865302,,Pass,foot,,
58,1,101404,617173,,Pass,foot,,
59,1,102380,865302,,Reception,foot,,
60,1,103655,865302,,Pass,foot,,
61,1,104874,551844,,Reception,foot,,
62,1,106801,551844,,Pass,foot,,
63,1,107939,922857,,Reception,foot,,
64,1,108665,922857,,Running with ball,foot,,
65,1,109898,922857,,Running with ball,foot,,
66,1,111000,922857,,Running with ball,foot,,
67,1,112726,922857,,Running with ball,foot,,
68,1,113229,922857,,Pass,foot,,
69,1,114946,865302,,Reception,foot,,
70,1,116362,865302,,Pass,foot,,
71,1,118417,349538,,Pass,foot,,
72,1,120419,597710,,Reception,Chest,,
73,1,122214,597710,,Pass,foot,,
74,1,123387,740462,,Pass,foot,,
75,1,125814,551844,,Pass,Header,,
76,1,127323,897314,,Reception,foot,,
77,1,128168,897314,,Pass,foot,,
78,1,129477,1058906,,Reception,foot,,
79,1,130565,1058906,,Running with ball,foot,,
80,1,131212,1058906,,Pass,foot,,
81,1,131979,897314,,Reception,foot,,
82,1,133285,897314,,Pass,foot,,
83,1,134335,831314,,Reception,foot,,
84,1,135124,831314,,Running with ball,foot,,
85,1,135628,831314,,Running with ball,foot,,
86,1,136497,831314,,Pass,foot,,
87,1,137749,1188348,,Reception,foot,,
88,1,138731,1061291,1188348,Reception,foot,,
89,1,139927,1061291,,Running with ball,foot,,
90,1,140337,1061291,,Pass,foot,,
91,1,141645,734131,,Reception,foot,,
92,1,142672,734131,,Cross,foot,,
93,1,144512,507914,,Clearance,Header,,
94,1,150338,,,Out for throw-in,,,
95,1,164201,1058906,,Pass,Hands (dropped),,
96,1,164401,,,Out for goal kick,,,
97,1,168461,869616,,Pass,foot,,
98,1,171061,747138,,Pass,foot,,
99,1,173657,349538,,Reception,foot,,
100,1,174097,349538,,Pass,foot,,
101,1,175667,997427,,Clearance,foot,,
102,1,176247,,,Out for throw-in,,,
103,1,185828,349538,,Pass,Hands (dropped),,
104,1,189269,865302,,Clearance,Header,,
105,1,190814,,,Out for throw-in,,,
106,1,214093,349538,,Pass,Hands (dropped),,
107,1,215964,922857,1169228,Clearance uncontrolled,Header,,
108,1,216074,1169228,,Reception,foot,,
109,1,217079,952727,,Reception,foot,,
110,1,218022,507914,,Reception,foot,,
111,1,218540,507914,,Running with ball,foot,,
112,1,219420,507914,,Pass,foot,,
113,1,220055,551844,,Reception,foot,,
114,1,220335,551844,,Running with ball,foot,,
115,1,220471,952727,551844,Pass,foot,,
116,1,222240,349538,617173,Pass,foot,,
117,1,223110,704169,,Reception,foot,,
118,1,223647,704169,,Pass,foot,,
119,1,224590,1142529,,Reception,foot,,
120,1,225223,1142529,,Pass,foot,,
121,1,226774,740462,,Pass,foot,,
122,1,229627,1169228,,Pass,Header,,
123,1,230709,1188348,,Reception,Chest,,
124,1,231592,1188348,,Shot not on target,foot,-5250,260
125,1,231669,922857,,Block,foot,,
126,1,233300,,,Out for corner,,,
127,1,257209,1142529,,Cross,foot,,
128,1,258346,922857,1169228,Clearance uncontrolled,foot,,
129,1,259850,734131,,Clearance,foot,,
130,1,263953,349538,,Pass,foot,,
131,1,265302,,,Out for throw-in,,,
132,1,268863,734131,,Pass,Hands (dropped),,
133,1,270742,897314,,Pass,foot,,
134,1,271329,349538,,Clearance,Header,,
135,1,274288,1061291,,Reception,foot,,
136,1,274559,,,Out for throw-in,,,
137,1,281131,349538,,Pass,Hands (dropped),,
138,1,282622,747138,,Reception,foot,,
139,1,283959,747138,,Running with ball,foot,,
140,1,284546,747138,,Pass,foot,,
141,1,286391,869616,,Reception,foot,,
142,1,287350,869616,,Pass,foot,,
143,1,290151,997427,,Pass,Header,,
144,1,292188,617173,,Pass,foot,,
145,1,294765,349538,,Clearance,foot,,
146,1,295690,,,Out for throw-in,,,
147,1,300040,734131,,Pass,Hands (dropped),,
148,1,301875,997427,,Reception,foot,,
149,1,302998,997427,,Running with ball,foot,,
150,1,304087,997427,,Running with ball,foot,,
151,1,304881,997427,,Pass,foot,,
152,1,305408,349538,,Clearance,Header,,
153,1,308695,734131,,Cross,foot,,
154,1,311679,1058906,,Reception,Chest,,
155,1,313524,507914,,Pass,foot,,
156,1,315729,952727,,Reception,foot,,
157,1,317202,952727,,Pass,foot,,
158,1,317300,865302,,Reception,foot,,
159,1,318755,,,Out for throw-in,,,
160,1,323647,740462,,Pass,Hands (dropped),,
161,1,325528,952727,,Reception,foot,,
162,1,325679,551844,952727,Pass,foot,,
163,1,326060,922857,,Pass,foot,,
164,1,326768,551844,,Reception,foot,,
165,1,327387,551844,,Running with ball,foot,,
166,1,327904,551844,,Pass,foot,,
167,1,329200,1061291,,Reception,foot,,
168,1,330206,1061291,,Running with ball,foot,,
169,1,331455,1061291,,Pass,foot,,
170,1,333433,831314,,Reception,foot,,
171,1,334019,831314,,Running with ball,foot,,
172,1,334599,831314,,Running with ball,foot,,
173,1,335517,831314,,Running with ball,foot,,
174,1,335981,831314,,Running with ball,foot,,
175,1,336747,831314,,Pass,foot,,
176,1,337798,617173,,Reception,foot,,
177,1,338356,617173,,Pass,foot,,
178,1,338955,1061291,,Pass,foot,,
179,1,339655,740462,,Clearance,foot,,
180,1,340389,617173,,Pass,foot,,
181,1,342104,1058906,,Cross,Left foot,,
182,1,342177,740462,,Reception,foot,,
183,1,343011,747138,1061291,Clearance uncontrolled,foot,,
184,1,344821,617173,704169,Pass,foot,,
185,1,350408,1188348,,Reception,foot,,
186,1,351036,1188348,,Running with ball,foot,,
187,1,354808,922857,,Reception,foot,,
188,1,355718,922857,,Running with ball,foot,,
189,1,356335,922857,,Running with ball,foot,,
190,1,357391,922857,,Pass,foot,,
191,1,361160,869616,,Reception,foot,,
192,1,362690,869616,,Running with ball,foot,,
193,1,363529,869616,,Running with ball,foot,,
194,1,365275,869616,,Running with ball,foot,,
195,1,367000,869616,,Running with ball,foot,,
196,1,370846,869616,,Running with ball,foot,,
197,1,372373,869616,,Running with ball,foot,,
198,1,376167,869616,,Hold of ball,,,
199,1,379494,869616,,Drop kick,foot,,
200,1,382330,1169228,551844,Pass,Header,,
201,1,385261,865302,,Reception,Chest,,
202,1,386220,865302,,Pass,foot,,
203,1,388664,1058906,,Reception,foot,,
204,1,389353,1058906,,Running with ball,foot,,
205,1,390248,1058906,,Running with ball,foot,,
206,1,391052,1058906,,Running with ball,foot,,
207,1,392072,1058906,,Running with ball,foot,,
208,1,392898,1058906,,Running with ball,foot,,
209,1,393442,1058906,,Running with ball,foot,,
210,1,394289,1058906,,Pass,foot,,
211,1,396225,865302,,Reception,foot,,
212,1,397865,865302,,Running with ball,foot,,
213,1,398653,865302,,Pass,foot,,
214,1,400128,551844,,Reception,foot,,
215,1,401539,551844,,Pass,foot,,
216,1,402643,922857,,Reception,foot,,
217,1,404200,922857,,Pass,foot,,
218,1,406573,507914,897314,Pass,Header,,
219,1,408108,1188348,,Reception,Chest,,
220,1,408512,1188348,,Pass,foot,,
221,1,409795,1169228,,Pass,foot,,
222,1,411155,1142529,617173,Pass,foot,,
223,1,411300,617173,,Block,foot,,
224,1,411380,1142529,,Reception,foot,,
225,1,412889,704169,,Pass,foot,,
226,1,413719,922857,,Pass,foot,,
227,1,417206,597710,,Reception,foot,,
228,1,419327,597710,1058906,Running with ball,foot,,
229,1,419437,1058906,597710,Running with ball,foot,,
230,1,420929,597710,,Pass,foot,,
231,1,421835,,,Out for throw-in,,,
232,1,428916,1058906,,Pass,Hands (dropped),,
233,1,430479,865302,,Reception,foot,,
234,1,430968,865302,,Running with ball,foot,,
235,1,432627,865302,,Pass,foot,,
236,1,433725,551844,,Reception,foot,,
237,1,435166,551844,,Pass,foot,,
238,1,436630,617173,,Reception,foot,,
239,1,437224,617173,,Running with ball,foot,,
240,1,438074,617173,,Pass,foot,,
241,1,440854,349538,,Clearance,foot,,
242,1,444299,1188348,,Pass,foot,,
243,1,445561,1142529,,Reception,foot,,
244,1,446420,1142529,,Pass,foot,,
245,1,447731,349538,,Reception,foot,,
246,1,448741,349538,,Pass,foot,,
247,1,448873,734131,,Block,foot,,
248,1,450048,,,Out for throw-in,,,
249,1,460157,349538,,Pass,Hands (dropped),,
250,1,461611,551844,1169228,Pass,Header,,
251,1,463491,1061291,747138,Running with ball,foot,,
252,1,463801,747138,1061291,Running with ball,foot,,
253,1,466247,747138,,Running with ball,foot,,
254,1,467094,747138,,Pass,foot,,
255,1,468669,617173,,Pass,Header,,
256,1,471299,897314,,Reception,foot,,
257,1,472339,897314,,Shot on target,Left foot,5250,80
258,1,473049,869616,,Catch save,,,
259,1,473149,869616,,Hold of ball,,,
260,1,474848,869616,,Pass,Hands (dropped),,
261,1,477230,740462,,Pass,foot,,
262,1,479349,865302,,Pass,foot,,
263,1,481972,1058906,,Reception,foot,,
264,1,482499,1058906,,Running with ball,foot,,
265,1,483098,1058906,,Running with ball,foot,,
266,1,484193,1058906,,Running with ball,foot,,
267,1,485061,1058906,,Running with ball,foot,,
268,1,485802,1058906,,Running with ball,foot,,
269,1,486643,740462,1058906,Foul - Direct free-kick,,,
270,1,497066,865302,,Pass,foot,,
271,1,499004,551844,,Reception,foot,,
272,1,499704,551844,,Running with ball,foot,,
273,1,501051,551844,,Running with ball,foot,,
274,1,503469,551844,,Pass,foot,,
275,1,506096,1058906,,Cross,Left foot,,
276,1,508028,869616,,Hold of ball,,,
277,1,511009,869616,,Pass,Hands (dropped),,
278,1,513330,597710,,Reception,foot,,
279,1,514850,597710,,Pass,foot,,
280,1,514960,922857,,Block,foot,,
281,1,515502,,,Out for throw-in,,,
282,1,525400,740462,,Pass,Hands (dropped),,
283,1,527367,551844,,Pass,Header,,
284,1,528765,1142529,,Reception,foot,,
285,1,529569,1142529,,Pass,foot,,
286,1,530159,597710,,Pass,foot,,
287,1,532895,349538,,Pass,foot,,
288,1,535797,1188348,,Reception,foot,,
289,1,536234,1188348,,Running with ball,foot,,
290,1,537054,1188348,997427,Running with ball,foot,,
291,1,537635,1188348,,Pass,foot,,
292,1,539107,551844,,Clearance,foot,,
293,1,540000,922857,1142529,Pass,foot,,
294,1,540854,865302,,Reception,foot,,
295,1,541950,865302,,Running with ball,foot,,
296,1,542472,865302,,Pass,foot,,
297,1,543834,740462,831314,Clearance uncontrolled,foot,,
298,1,543922,831314,,Reception,foot,,
299,1,545070,349538,,Pass,foot,,
300,1,546839,747138,,Reception,foot,,
301,1,547809,747138,,Pass,foot,,
302,1,549437,507914,,Reception,foot,,
303,1,550832,507914,,Pass,foot,,
304,1,552950,1169228,551844,Pass,Header,,
305,1,555190,736418,,Hold of ball,,,
306,1,557110,736418,,Pass,Hands (dropped),,
307,1,560010,997427,,Pass,foot,,
308,1,562142,734131,,Reception,foot,,
309,1,562798,734131,,Pass,foot,,
310,1,564006,617173,,Reception,foot,,
311,1,564390,617173,,Running with ball,foot,,
312,1,566593,617173,,Pass,foot,,
313,1,569732,1058906,,Reception,Chest,,
314,1,571021,1058906,,Pass,foot,,
315,1,573118,865302,,Reception,foot,,
316,1,574799,865302,,Pass,foot,,
317,1,576287,551844,,Reception,foot,,
318,1,577483,551844,,Pass,foot,,
319,1,578750,922857,,Reception,foot,,
320,1,579313,922857,,Running with ball,foot,,
321,1,579857,922857,,Pass,foot,,
322,1,581425,997427,,Reception,foot,,
323,1,583795,997427,,Running with ball,foot,,
324,1,585710,997427,,Pass,foot,,
325,1,586946,922857,,Reception,foot,,
326,1,587595,922857,,Pass,foot,,
327,1,588702,997427,,Reception,foot,,
328,1,589645,997427,,Running with ball,foot,,
329,1,590433,997427,,Pass,foot,,
330,1,592097,551844,,Reception,foot,,
331,1,593121,551844,,Running with ball,foot,,
332,1,593831,551844,,Pass,foot,,
333,1,594651,922857,,Reception,foot,,
334,1,595477,922857,,Pass,foot,,
335,1,596965,997427,,Reception,foot,,
336,1,597732,997427,,Running with ball,foot,,
337,1,599635,997427,,Running with ball,foot,,
338,1,600159,997427,,Pass,foot,,
339,1,601229,922857,,Reception,foot,,
340,1,601986,922857,,Pass,foot,,
341,1,602730,952727,,Pass,foot,,
342,1,603621,704169,,Pass,foot,,
343,1,604661,597710,,Reception,foot,,
344,1,605747,597710,,Running with ball,foot,,
345,1,606640,597710,,Running with ball,foot,,
346,1,608306,597710,,Running with ball,foot,,
347,1,609810,551844,,Pass,foot,,
348,1,610980,1058906,,Reception,foot,,
349,1,611272,1058906,,Running with ball,foot,,
350,1,611692,1058906,,Running with ball,foot,,
351,1,612056,1058906,,Running with ball,foot,,
352,1,613308,1058906,,Running with ball,foot,,
353,1,614264,1058906,,Running with ball,foot,,
354,1,615243,1058906,,Running with ball,foot,,
355,1,616190,1058906,,Pass,foot,,
356,1,618108,831314,,Reception,foot,,
357,1,618700,831314,,Running with ball,foot,,
358,1,619432,831314,,Running with ball,foot,,
359,1,619633,831314,,Running with ball,foot,,
360,1,620323,831314,,Pass,foot,,
361,1,622343,1058906,,Cross,Left foot,,
362,1,623088,897314,,Shot not on target,foot,5250,-630
363,1,623128,897314,,Chance,,,
364,1,623774,,,Out for goal kick,,,
365,1,650561,869616,,Pass,foot,,
366,1,654013,865302,1169228,Reception,foot,,
367,1,654765,1058906,952727,Reception,foot,,
368,1,655965,1058906,,Pass,foot,,
369,1,656432,617173,,Pass,foot,,
370,1,657733,1188348,,Reception,foot,,
371,1,658741,1188348,,Pass,foot,,
372,1,659677,551844,,Pass,foot,,
373,1,662277,734131,,Pass,foot,,
374,1,663856,897314,,Pass,foot,,
375,1,665124,922857,,Pass,foot,,
376,1,666768,617173,,Reception,foot,,
377,1,668059,617173,,Pass,foot,,
378,1,669489,831314,,Reception,foot,,
379,1,669911,831314,,Running with ball,foot,,
380,1,670607,831314,,Running with ball,foot,,
381,1,671416,831314,,Running with ball,foot,,
382,1,672574,831314,,Running with ball,foot,,
383,1,673208,831314,,Pass,foot,,
384,1,674509,1058906,,Reception,foot,,
385,1,676284,1058906,,Running with ball,foot,,
386,1,677575,1058906,,Pass,foot,,
387,1,678458,617173,704169,Pass,foot,,
388,1,679303,922857,,Reception,foot,,
389,1,679869,922857,,Pass,foot,,
390,1,680726,1058906,,Reception,foot,,
391,1,681407,1058906,,Pass,foot,,
392,1,682925,617173,,Reception,foot,,
393,1,683555,617173,,Running with ball,foot,,
394,1,684189,617173,,Running with ball,foot,,
395,1,684517,617173,,Pass,foot,,
396,1,684597,704169,,Block,foot,,
397,1,685959,952727,,Pass,foot,,
398,1,687074,597710,,Reception,foot,,
399,1,687479,597710,,Pass,foot,,
400,1,689717,865302,,Reception,foot,,
401,1,691150,865302,,Running with ball,foot,,
402,1,691651,865302,,Pass,foot,,
403,1,693081,1061291,,Reception,foot,,
404,1,695370,1061291,,Pass,foot,,
405,1,696447,831314,,Reception,foot,,
406,1,697031,831314,,Running with ball,foot,,
407,1,697707,831314,,Cross,foot,,
408,1,699776,,,Out for goal kick,,,
409,1,727491,869616,,Pass,foot,,
410,1,730970,1188348,,Pass,Header,,
411,1,732735,997427,,Pass,Header,,
412,1,735242,922857,,Pass,Header,,
413,1,737164,617173,,Pass,foot,,
414,1,739819,349538,,Pass,Header,,
415,1,742085,734131,,Pass,foot,,
416,1,743446,897314,,Pass,foot,,
417,1,744831,997427,,Pass,foot,,
418,1,745967,617173,,Reception,foot,,
419,1,746757,617173,,Running with ball,foot,,
420,1,747559,617173,,Pass,foot,,
421,1,749184,997427,,Reception,foot,,
422,1,750145,997427,,Running with ball,foot,,
423,1,751260,997427,,Cross,foot,,
424,1,752860,740462,,Pass,Chest,,
425,1,754668,597710,,Reception,foot,,
426,1,755459,597710,,Running with ball,foot,,
427,1,756439,597710,,Running with ball,foot,,
428,1,757213,597710,,Pass,foot,,
429,1,759357,952727,,Reception,foot,,
430,1,760335,952727,,Pass,foot,,
431,1,762370,597710,,Pass assist,foot,,
432,1,764647,1169228,,Reception,foot,,
433,1,765982,1169228,,Running with ball,foot,,
434,1,767383,1169228,,Running with ball,foot,,
435,1,767978,1169228,,Shot on target,Left foot,-5250,270
436,1,768716,1169228,,Goal,,-5250,270
437,1,819017,897314,,Pass,foot,,
438,1,822583,551844,,Pass,foot,,
439,1,826118,997427,,Pass,foot,,
440,1,828626,1188348,,Reception,Chest,,
441,1,830087,734131,,Pass,foot,,
442,1,830623,747138,,Clearance,foot,,
443,1,831982,,,Out for corner,,,
444,1,857937,617173,,Cross,Left foot,,
445,1,859983,551844,349538,Pass,Header,,
446,1,861091,865302,,Shot on target,Left foot,5250,150
447,1,861645,1169228,,Block,Header,,
448,1,863387,1142529,,Clearance,foot,,
449,1,867445,736418,,Pass,foot,,
450,1,870355,551844,,Reception,foot,,
451,1,871905,551844,,Pass,foot,,
452,1,874139,997427,,Pass,foot,,
453,1,879012,869616,,Reception,foot,,
454,1,880762,869616,,Hold of ball,,,
455,1,890831,869616,,Drop kick,foot,,
456,1,893660,551844,,Pass,Header,,
457,1,895285,734131,,Reception,foot,,
458,1,897220,,,Out for throw-in,,,
459,1,908426,349538,,Pass,Hands (dropped),,
460,1,913231,747138,,Pass,foot,,
461,1,914604,869616,,Reception,foot,,
462,1,915178,869616,,Running with ball,foot,,
463,1,916706,869616,,Pass,foot,,
464,1,921328,551844,,Pass,foot,,
465,1,921398,1188348,,Reception,foot,,
466,1,922599,997427,,Reception,foot,,
467,1,923519,997427,,Running with ball,foot,,
468,1,924829,952727,997427,Foul - Direct free-kick,,,
469,1,944565,997427,,Pass,foot,,
470,1,944836,551844,,Pass,foot,,
471,1,947116,865302,,Pass,foot,,
472,1,949779,551844,,Reception,foot,,
473,1,950486,551844,,Pass,foot,,
474,1,951927,922857,,Reception,foot,,
475,1,952762,922857,,Running with ball,foot,,
476,1,954092,922857,,Pass,foot,,
477,1,958452,869616,,Reception,foot,,
478,1,961726,869616,,Hold of ball,,,
479,1,963147,869616,,Pass,Hands (dropped),,
480,1,965256,507914,,Reception,foot,,
481,1,967017,507914,,Pass,foot,,
482,1,969877,1169228,551844,Pass,Header,,
483,1,972539,865302,952727,Foul - Direct free-kick,,,
484,1,1019946,349538,,Pass,foot,,
485,1,1022714,,,Out for goal kick,,,
486,1,1050128,736418,,Pass,foot,,
487,1,1052453,997427,,Pass,foot,,
488,1,1054987,736418,,Reception,foot,,
489,1,1056690,736418,,Pass,foot,,
490,1,1058805,865302,,Reception,foot,,
491,1,1059960,865302,,Pass,foot,,
492,1,1060785,740462,,Pass,foot,,
493,1,1064033,865302,,Pass,foot,,
494,1,1066008,736418,,Reception,foot,,
495,1,1067167,736418,,Pass,foot,,
496,1,1070309,997427,,Reception,foot,,
497,1,1072735,997427,,Pass,foot,,
498,1,1074261,551844,,Reception,foot,,
499,1,1075535,551844,,Pass,foot,,
500,1,1078178,1058906,,Reception,foot,,
501,1,1079937,1058906,,Pass,foot,,
502,1,1081129,865302,,Reception,foot,,
503,1,1082081,865302,,Running with ball,foot,,
504,1,1083480,865302,,Running with ball,foot,,
505,1,1084103,865302,,Pass,foot,,
506,1,1085763,507914,,Pass,Header,,
507,1,1087019,704169,,Reception,Chest,,
508,1,1087312,704169,,Pass,foot,,
509,1,1088119,740462,,Pass,foot,,
510,1,1089919,1169228,,Pass,foot,,
511,1,1091057,922857,,Pass,foot,,
512,1,1092449,551844,,Pass,foot,,
513,1,1094540,997427,,Reception,foot,,
514,1,1095695,997427,,Running with ball,foot,,
515,1,1097113,997427,,Pass,foot,,
516,1,1098732,734131,,Reception,foot,,
517,1,1099600,734131,,Pass,foot,,
518,1,1101105,551844,,Reception,foot,,
519,1,1102109,551844,,Running with ball,foot,,
520,1,1103749,551844,,Pass,foot,,
521,1,1106256,734131,,Reception,foot,,
522,1,1107869,734131,,Running with ball,foot,,
523,1,1109828,734131,,Running with ball,foot,,
524,1,1110588,734131,,Running with ball,foot,,
525,1,1111620,734131,,Pass,foot,,
526,1,1112279,922857,,Reception,foot,,
527,1,1112978,922857,,Pass,foot,,
528,1,1114268,734131,,Reception,foot,,
529,1,1114800,734131,,Running with ball,foot,,
530,1,1115199,734131,,Running with ball,foot,,
531,1,1116126,734131,,Cross,foot,,
532,1,1117044,869616,,,,,
533,1,1120894,865302,,Reception,Chest,,
534,1,1122305,865302,,Running with ball,foot,,
535,1,1124570,865302,,Pass,foot,,
536,1,1125711,1058906,,Reception,foot,,
537,1,1126436,1058906,,Running with ball,foot,,
538,1,1127006,1058906,740462,Running with ball,foot,,
539,1,1127286,740462,1058906,Clearance uncontrolled,foot,,
540,1,1127326,1058906,,Reception,foot,,
541,1,1127919,,,Out for throw-in,,,
542,1,1142371,740462,,Pass,Hands (dropped),,
543,1,1143823,1169228,865302,Pass,Header,,
544,1,1145539,551844,952727,Pass,Header,,
545,1,1146320,597710,,Pass,Header,,
546,1,1149614,922857,,Reception,foot,,
547,1,1151003,922857,,Pass,foot,,
548,1,1152677,997427,,Reception,foot,,
549,1,1153840,997427,,Pass,foot,,
550,1,1154897,551844,,Reception,foot,,
551,1,1156210,551844,,Pass,foot,,
552,1,1158174,1058906,,Reception,foot,,
553,1,1159654,1058906,597710,Running with ball,foot,,
554,1,1161327,1058906,,Running with ball,foot,,
555,1,1162068,1058906,,Running with ball,foot,,
556,1,1163106,1058906,,Pass,foot,,
557,1,1164265,617173,,Reception,foot,,
558,1,1164528,617173,,Pass,foot,,
559,1,1165474,922857,,Reception,foot,,
560,1,1166221,922857,,Pass,foot,,
561,1,1167554,997427,,Reception,foot,,
562,1,1168579,997427,,Pass,foot,,
563,1,1169426,704169,,Pass,foot,,
564,1,1170216,1142529,,Pass,foot,,
565,1,1173095,551844,,Pass,Header,,
566,1,1175711,349538,1061291,Pass,Header,,
567,1,1175791,1061291,,Reception,Header,,
568,1,1177352,1142529,,Pass,foot,,
569,1,1179387,551844,,Clearance,Header,,
570,1,1181048,,,Out for throw-in,,,
571,1,1195511,349538,,Pass,Hands (dropped),,
572,1,1197390,747138,,Reception,foot,,
573,1,1198907,747138,,Pass,foot,,
574,1,1201341,1058906,,Reception,foot,,
575,1,1202798,1058906,,Running with ball,foot,,
576,1,1203554,1058906,,Pass,foot,,
577,1,1204657,617173,,Pass,foot,,
578,1,1206031,1058906,,Pass,foot,,
579,1,1207287,831314,,Reception,foot,,
580,1,1208009,831314,,Running with ball,foot,,
581,1,1208605,831314,740462,Running with ball,foot,,
582,1,1210403,831314,,Pass,foot,,
583,1,1211811,1061291,,Reception,foot,,
584,1,1212756,1061291,,Running with ball,foot,,
585,1,1212817,1061291,1142529,Running with ball,foot,,
586,1,1214345,1061291,,Pass,foot,,
587,1,1215575,1058906,,Reception,foot,,
588,1,1216520,1058906,,Cross,Left foot,,
589,1,1217389,507914,,Clearance,Header,,
590,1,1218235,740462,,Reception,foot,,
591,1,1219101,740462,,Running with ball,foot,,
592,1,1220401,740462,,Running with ball,foot,,
593,1,1221394,740462,,Pass,foot,,
594,1,1222809,865302,1142529,Reception,foot,,
595,1,1224602,865302,,Running with ball,foot,,
596,1,1225017,865302,,Running with ball,foot,,
597,1,1225814,865302,,Running with ball,foot,,
598,1,1226346,865302,,Running with ball,foot,,
599,1,1227013,952727,865302,Reception,foot,,
600,1,1228627,740462,,Pass,foot,,
601,1,1230748,1169228,,Reception,foot,,
602,1,1233000,922857,1169228,Pass,foot,,
603,1,1233660,740462,,Reception,foot,,
604,1,1234240,740462,,Pass,foot,,
605,1,1238857,1142529,,Reception,foot,,
606,1,1240065,1142529,,Pass,foot,,
607,1,1241988,349538,,Pass,foot,,
608,1,1242250,997427,,Reception,foot,,
609,1,1243000,,,Out for throw-in,,,
610,1,1256633,349538,,Pass,Hands (dropped),,
611,1,1258637,704169,,Pass,foot,,
612,1,1259863,865302,,Reception,Chest,,
613,1,1260703,865302,,Pass,foot,,
614,1,1262125,1058906,,Pass,foot,,
615,1,1262966,922857,,Reception,foot,,
616,1,1264091,922857,,Running with ball,foot,,
617,1,1264288,922857,,Pass,foot,,
618,1,1266115,1058906,,Reception,foot,,
619,1,1266849,1058906,,Pass,foot,,
620,1,1268248,831314,,Reception,foot,,
621,1,1268859,831314,740462,Running with ball,foot,,
622,1,1270520,831314,,Running with ball,foot,,
623,1,1272710,831314,,Running with ball,foot,,
624,1,1275916,831314,704169,Running with ball,foot,,
625,1,1276221,704169,831314,Clearance uncontrolled,foot,,
626,1,1280230,831314,,Reception,foot,,
627,1,1280908,831314,,Running with ball,foot,,
628,1,1281440,831314,,Running with ball,foot,,
629,1,1283194,831314,,Pass,foot,,
630,1,1283820,704169,922857,Pass,foot,,
631,1,1284698,597710,,Reception,foot,,
632,1,1286876,831314,,Shot on target,foot,5250,330
633,1,1288131,831314,,Goal,,5250,330
634,1,1331727,1169228,,Pass,foot,,
635,1,1334024,1142529,,Pass,foot,,
636,1,1339229,952727,,Pass,foot,,
637,1,1341067,1188348,,Shot on target,foot,-5250,70
638,1,1341643,736418,,Hold of ball,,,
639,1,1341683,736418,,Catch save,,,
640,1,1344828,736418,,Pass,Hands (dropped),,
641,1,1349029,734131,,Pass,foot,,
642,1,1350831,922857,,Pass,foot,,
643,1,1352745,736418,,Reception,foot,,
644,1,1353871,736418,,Pass,foot,,
645,1,1355815,865302,,Reception,foot,,
646,1,1356899,865302,,Running with ball,foot,,
647,1,1358466,865302,,Running with ball,foot,,
648,1,1359128,865302,,Pass,foot,,
649,1,1360523,551844,,Reception,foot,,
650,1,1361603,551844,,Pass,foot,,
651,1,1362775,922857,,Reception,foot,,
652,1,1364615,922857,,Running with ball,foot,,
653,1,1365228,922857,,Running with ball,foot,,
654,1,1366838,922857,,Running with ball,foot,,
655,1,1367449,922857,,Pass,foot,,
656,1,1368750,551844,,Pass,foot,,
657,1,1370915,997427,,Reception,foot,,
658,1,1371265,997427,,Running with ball,foot,,
659,1,1372915,997427,,Pass,foot,,
660,1,1374331,922857,,Reception,foot,,
661,1,1375156,922857,,Running with ball,foot,,
662,1,1376105,922857,,Pass,foot,,
663,1,1377047,617173,,Reception,foot,,
664,1,1378195,597710,,Pass,foot,,
665,1,1378826,952727,,Reception,foot,,
666,1,1379257,952727,,Pass,foot,,
667,1,1380535,597710,,Pass,foot,,
668,1,1382446,1142529,,Reception,foot,,
669,1,1382922,1142529,,Running with ball,foot,,
670,1,1383868,1142529,,Pass,foot,,
671,1,1384728,1188348,,Reception,foot,,
672,1,1385329,1188348,,Pass,foot,,
673,1,1386864,1142529,,Pass,foot,,
674,1,1389388,1188348,,Cross,Left foot,,
675,1,1391309,736418,,Catch,,,
676,1,1394174,736418,,Pass,Hands (dropped),,
677,1,1397956,734131,,Reception,foot,,
678,1,1399789,734131,,Running with ball,foot,,
679,1,1402874,734131,,Running with ball,foot,,
680,1,1403443,734131,,Pass,foot,,
681,1,1404404,831314,,Reception,foot,,
682,1,1405410,831314,,Pass,foot,,
683,1,1406591,922857,,Reception,foot,,
684,1,1408202,922857,,Running with ball,foot,,
685,1,1409255,922857,,Pass,foot,,
686,1,1409820,1061291,,Pass,foot,,
687,1,1411072,831314,,Reception,foot,,
688,1,1411669,831314,,Running with ball,foot,,
689,1,1412160,831314,,Running with ball,foot,,
690,1,1413164,831314,,Shot not on target,foot,5250,-210
691,1,1414170,,,Out for goal kick,,,
692,1,1439625,869616,,Pass,foot,,
693,1,1442118,865302,1169228,Pass,Header,,
694,1,1445053,,,Out for throw-in,,,
695,1,1449845,740462,,Pass,Hands (dropped),,
696,1,1451128,1169228,,Reception,foot,,
697,1,1452620,551844,1169228,Foul - Direct free-kick,,,
698,1,1458617,704169,,Pass,foot,,
699,1,1461668,952727,,Pass,foot,,
700,1,1464824,1188348,,Reception,foot,,
701,1,1465717,1188348,,Running with ball,foot,,
702,1,1467203,1188348,865302,Running with ball,foot,,
703,1,1467290,1188348,,Running with ball,foot,,
704,1,1467711,734131,1188348,Clearance uncontrolled,foot,,
705,1,1468701,922857,,Pass,foot,,
706,1,1469144,551844,,Reception,foot,,
707,1,1471321,349538,,Cross,Left foot,,
708,1,1475551,,,Out for goal kick,,,
709,1,1482415,736418,,Pass,foot,,
710,1,1483922,997427,,Reception,foot,,
711,1,1485844,997427,,Running with ball,foot,,
712,1,1490085,997427,,Running with ball,foot,,
713,1,1492177,997427,,Pass,foot,,
714,1,1493861,551844,,Pass,foot,,
715,1,1495159,617173,,Reception,foot,,
716,1,1497126,617173,,Pass,foot,,
717,1,1498556,865302,,Reception,foot,,
718,1,1500400,865302,,Pass,foot,,
719,1,1501242,831314,,Reception,foot,,
720,1,1502754,831314,,Pass,foot,,
721,1,1504304,865302,,Pass,foot,,
722,1,1504374,597710,,Block,foot,,
723,1,1506302,617173,,Pass,foot,,
724,1,1508006,1061291,,Pass,Header,,
725,1,1509572,507914,,Pass,Header,,
726,1,1512171,869616,,Reception,foot,,
727,1,1514457,869616,,Running with ball,foot,,
728,1,1518964,869616,,Hold of ball,,,
729,1,1527260,869616,,Drop kick,foot,,
730,1,1530586,551844,,Pass,Header,,
731,1,1532129,1061291,,Pass,foot,,
732,1,1533749,734131,,Reception,foot,,
733,1,1535055,734131,,Pass,foot,,
734,1,1536800,897314,,Reception,Chest,,
735,1,1538778,747138,,Reception,foot,,
736,1,1539679,747138,617173,Running with ball,foot,,
737,1,1540238,747138,,Running with ball,foot,,
738,1,1541112,747138,1058906,Running with ball,foot,,
739,1,1543783,747138,,Pass,foot,,
740,1,1546071,740462,,Pass,foot,,
741,1,1548797,551844,,Clearance,foot,,
742,1,1549459,,,Out for throw-in,,,
743,1,1567518,740462,,Pass,Hands (dropped),,
744,1,1569083,1188348,,Reception,foot,,
745,1,1569496,865302,1188348,Reception,foot,,
746,1,1571298,1188348,,Cross,foot,,
747,1,1571378,997427,,Block,foot,,
748,1,1572898,551844,,Clearance,foot,,
749,1,1577002,747138,,Reception,foot,,
750,1,1578205,747138,,Pass,foot,,
751,1,1579471,507914,,Reception,foot,,
752,1,1580779,507914,,Pass,foot,,
753,1,1582425,865302,,Pass,Header,,
754,1,1582681,597710,,Reception,Chest,,
755,1,1584387,,,Out for throw-in,,,
756,1,1593273,1058906,,Pass,Hands (dropped),,
757,1,1594819,865302,,Reception,foot,,
758,1,1595846,865302,,Pass,foot,,
759,1,1597615,736418,,Reception,foot,,
760,1,1598645,736418,,Pass,foot,,
761,1,1600983,997427,,Reception,foot,,
762,1,1601911,997427,,Running with ball,foot,,
763,1,1603579,997427,,Pass,foot,,
764,1,1606379,,,Out for throw-in,,,
765,1,1617221,740462,,Pass,Hands (dropped),,
766,1,1618631,704169,,Pass,foot,,
767,1,1622025,865302,,Reception,foot,,
768,1,1622962,865302,,Running with ball,foot,,
769,1,1625189,865302,,Pass,foot,,
770,1,1627130,1142529,,Pass,foot,,
771,1,1628797,704169,,Reception,foot,,
772,1,1629933,704169,,Pass,foot,,
773,1,1631092,865302,,Pass,foot,,
774,1,1634321,747138,,Pass,Header,,
775,1,1636180,1058906,,Reception,foot,,
776,1,1638285,1058906,,Pass,foot,,
777,1,1643145,869616,,Reception,foot,,
778,1,1643762,869616,,Hold of ball,,,
779,1,1654223,869616,,Drop kick,foot,,
780,1,1657274,1169228,551844,Pass,Header,,
781,1,1658812,952727,,Reception,foot,,
782,1,1659857,865302,,Reception,foot,,
783,1,1660674,865302,,Pass,foot,,
784,1,1661228,922857,,Reception,foot,,
785,1,1661774,922857,,Pass,foot,,
786,1,1662948,1058906,,Reception,foot,,
787,1,1664284,1058906,,Running with ball,foot,,
788,1,1665216,1058906,,Pass,foot,,
789,1,1667714,736418,,Reception,foot,,
790,1,1668655,736418,,Pass,foot,,
791,1,1671264,997427,,Reception,foot,,
792,1,1673402,997427,,Pass,foot,,
793,1,1675158,617173,,Reception,foot,,
794,1,1675578,617173,,Running with ball,foot,,
795,1,1675934,617173,,Pass,foot,,
796,1,1678071,997427,,Reception,foot,,
797,1,1679117,997427,,Pass,foot,,
798,1,1681342,1188348,,Pass,foot,,
799,1,1682996,617173,,Pass,Header,,
800,1,1683261,704169,,Reception,foot,,
801,1,1685186,1142529,,Reception,foot,,
802,1,1685661,1142529,,Pass,foot,,
803,1,1685781,997427,,Block,foot,,
804,1,1686826,349538,,Pass,foot,,
805,1,1690338,865302,,Reception,foot,,
806,1,1691161,865302,,Pass,foot,,
807,1,1693019,551844,,Reception,foot,,
808,1,1694036,551844,,Pass,foot,,
809,1,1697321,736418,,Pass,foot,,
810,1,1699764,551844,,Reception,foot,,
811,1,1701113,551844,,Pass,foot,,
812,1,1702603,617173,,Reception,foot,,
813,1,1703087,617173,,Running with ball,foot,,
814,1,1703469,617173,,Running with ball,foot,,
815,1,1703984,617173,,Pass,foot,,
816,1,1705702,551844,,Reception,foot,,
817,1,1706136,551844,,Pass,foot,,
818,1,1708598,922857,,Reception,foot,,
819,1,1710270,922857,,Running with ball,foot,,
820,1,1712094,922857,952727,Running with ball,foot,,
821,1,1712667,922857,,Running with ball,foot,,
822,1,1714428,922857,,Pass,foot,,
823,1,1716056,1058906,,Pass,foot,,
824,1,1717709,865302,,Reception,foot,,
825,1,1719093,865302,,Pass,foot,,
826,1,1720266,1058906,,Reception,foot,,
827,1,1721319,1058906,,Running with ball,foot,,
828,1,1722294,1058906,,Pass,foot,,
829,1,1723856,865302,,Reception,foot,,
830,1,1724839,865302,,Running with ball,foot,,
831,1,1725865,865302,,Pass,foot,,
832,1,1726746,507914,,Pass,foot,,
833,1,1728830,,,Out for throw-in,,,
834,1,1739994,1058906,,Pass,Hands (dropped),,
835,1,1740826,922857,,Pass,foot,,
836,1,1741750,1058906,,Reception,foot,,
837,1,1742819,1058906,704169,Running with ball,foot,,
838,1,1744414,1058906,,Pass,foot,,
839,1,1745691,865302,,Reception,foot,,
840,1,1746659,865302,,Pass,foot,,
841,1,1747856,551844,,Reception,foot,,
842,1,1748853,551844,,Pass,foot,,
843,1,1750379,617173,,Reception,foot,,
844,1,1751583,617173,,Running with ball,foot,,
845,1,1752396,617173,,Running with ball,foot,,
846,1,1753314,617173,,Pass,foot,,
847,1,1756550,,,Out for goal kick,,,
848,1,1777732,869616,,Pass,foot,,
849,1,1780521,865302,952727,Pass,Header,,
850,1,1782432,740462,734131,Reception,foot,,
851,1,1783449,740462,,Pass,foot,,
852,1,1785218,997427,,Pass,Header,,
853,1,1787995,736418,,Hold of ball,,,
854,1,1790330,736418,,Pass,Hands (dropped),,
855,1,1792784,551844,,Reception,foot,,
856,1,1795279,551844,,Running with ball,foot,,
857,1,1796115,551844,,Running with ball,foot,,
858,1,1797355,551844,,Pass,foot,,
859,1,1798576,617173,,Pass,foot,,
860,1,1799371,551844,,Reception,foot,,
861,1,1800736,551844,,Running with ball,foot,,
862,1,1801630,551844,,Pass,foot,,
863,1,1802730,922857,,Reception,foot,,
864,1,1803316,922857,,Pass,foot,,
865,1,1805170,997427,,Reception,foot,,
866,1,1806410,997427,,Running with ball,foot,,
867,1,1806757,997427,,Pass,foot,,
868,1,1808344,831314,,Reception,foot,,
869,1,1808345,831314,,Running with ball,foot,,
870,1,1809496,831314,,Running with ball,foot,,
871,1,1810625,831314,,Shot not on target,foot,5250,-890
872,1,1811938,,,Out for goal kick,,,
873,1,1836915,869616,,Pass,foot,,
874,1,1839297,740462,,Pass,foot,,
875,1,1840690,597710,,Reception,foot,,
876,1,1841409,597710,,Running with ball,foot,,
877,1,1842335,597710,,Pass,foot,,
878,1,1842445,1058906,,Block,foot,,
879,1,1842857,,,Out for throw-in,,,
880,1,1851826,740462,,Pass,Hands (dropped),,
881,1,1853353,865302,,Pass,foot,,
882,1,1855352,1061291,507914,Reception,foot,,
883,1,1855676,1061291,507914,Foul - Direct free-kick,,,
884,1,1909147,507914,,Pass,foot,,
885,1,1911246,1058906,,Pass,Header,,
886,1,1911876,617173,,Pass,foot,,
887,1,1914274,922857,1142529,Pass,Header,,
888,1,1915762,1061291,,Reception,Chest,,
889,1,1916515,1061291,,Pass,foot,,
890,1,1918230,734131,349538,Reception,foot,,
891,1,1918327,349538,734131,Foul - Direct free-kick,,,
892,1,1933070,997427,,Pass,foot,,
893,1,1935035,551844,,Reception,foot,,
894,1,1936323,551844,,Running with ball,foot,,
895,1,1936767,551844,,Pass,foot,,
896,1,1938218,922857,,Reception,foot,,
897,1,1938886,922857,,Running with ball,foot,,
898,1,1939136,922857,,Running with ball,foot,,
899,1,1939776,922857,,Pass,foot,,
900,1,1942116,551844,,Pass,foot,,
901,1,1943525,865302,,Reception,foot,,
902,1,1945406,865302,,Running with ball,foot,,
903,1,1946597,865302,,Pass,foot,,
904,1,1947335,704169,,Pass,foot,,
905,1,1948367,597710,,Reception,foot,,
906,1,1948867,597710,,Running with ball,foot,,
907,1,1949626,597710,,Pass,foot,,
908,1,1951916,952727,,Pass,foot,,
909,1,1954116,736418,,Pass,foot,,
910,1,1955360,865302,,Reception,foot,,
911,1,1956115,865302,,Running with ball,foot,,
912,1,1956865,865302,,Running with ball,foot,,
913,1,1957396,865302,,Pass,foot,,
914,1,1959006,617173,,Pass,foot,,
915,1,1960016,897314,747138,Running with ball,foot,,
916,1,1960795,747138,897314,Clearance uncontrolled,foot,,
917,1,1962324,,,Out for throw-in,,,
918,1,1972276,1058906,,Pass,Hands (dropped),,
919,1,1972326,865302,,Pass,foot,,
920,1,1975325,997427,,Pass,foot,,
921,1,1977006,734131,,Reception,foot,,
922,1,1978028,734131,,Running with ball,foot,,
923,1,1980066,734131,,Pass,foot,,
924,1,1981364,551844,,Reception,foot,,
925,1,1982576,551844,,Running with ball,foot,,
926,1,1983456,551844,,Pass,foot,,
927,1,1984964,734131,,Reception,foot,,
928,1,1985495,734131,,Running with ball,foot,,
929,1,1985736,734131,,Running with ball,foot,,
930,1,1986873,734131,,Running with ball,foot,,
931,1,1988310,597710,,Reception,foot,,
932,1,1989456,597710,,Running with ball,foot,,
933,1,1989883,597710,,Pass,foot,,
934,1,1991313,1188348,,Pass,foot,,
935,1,1992976,952727,,Reception,foot,,
936,1,1993502,551844,952727,Foul - Direct free-kick,,,
937,1,2002164,551844,,Yellow card,,,
938,1,2078278,349538,,Pass,foot,,
939,1,2080366,831314,740462,Clearance uncontrolled,Header,,
940,1,2084013,597710,,Pass,foot,,
941,1,2087549,747138,,Reception,foot,,
942,1,2087819,747138,,Running with ball,Chest,,
943,1,2088333,747138,,Running with ball,foot,,
944,1,2089093,747138,,Running with ball,foot,,
945,1,2089094,747138,,Running with ball,foot,,
946,1,2090155,747138,,Pass,foot,,
947,1,2090195,507914,,Off side,,,
948,1,2111671,736418,,Pass,foot,,
949,1,2112936,551844,,Reception,foot,,
950,1,2114535,551844,,Running with ball,foot,,
951,1,2115473,551844,,Pass,foot,,
952,1,2116645,617173,,Pass,foot,,
953,1,2118532,997427,,Reception,foot,,
954,1,2121266,997427,,Running with ball,foot,,
955,1,2122015,997427,,Pass,foot,,
956,1,2124204,551844,,Pass,foot,,
957,1,2126382,865302,,Reception,foot,,
958,1,2129004,865302,,Pass,foot,,
959,1,2130623,551844,,Reception,foot,,
960,1,2130624,551844,,Running with ball,foot,,
961,1,2132706,551844,,Running with ball,foot,,
962,1,2133556,551844,,Pass,foot,,
963,1,2135146,922857,,Reception,foot,,
964,1,2136705,922857,,Running with ball,foot,,
965,1,2138210,922857,,Pass,foot,,
966,1,2139165,997427,,Pass,foot,,
967,1,2141151,551844,,Reception,Chest,,
968,1,2141152,551844,,Running with ball,foot,,
969,1,2142996,551844,,Running with ball,foot,,
970,1,2144274,551844,,Pass,foot,,
971,1,2146564,734131,349538,Reception,Chest,,
972,1,2148376,349538,,Pass,foot,,
973,1,2149334,1142529,,Reception,foot,,
974,1,2149476,1142529,922857,Running with ball,foot,,
975,1,2149745,1142529,617173,Running with ball,foot,,
976,1,2151395,1142529,,Pass,foot,,
977,1,2151554,865302,,Clearance,foot,,
978,1,2154296,1058906,,Reception,foot,,
979,1,2155145,1058906,,Running with ball,foot,,
980,1,2156859,1058906,,Running with ball,foot,,
981,1,2157676,1058906,,Running with ball,foot,,
982,1,2159425,1058906,,Running with ball,foot,,
983,1,2160145,1058906,,Pass,foot,,
984,1,2161476,551844,,Reception,foot,,
985,1,2162275,551844,,Pass,foot,,
986,1,2163078,897314,,Pass,foot,,
987,1,2164338,922857,,Reception,foot,,
988,1,2164736,922857,,Running with ball,foot,,
989,1,2166107,922857,,Running with ball,foot,,
990,1,2166326,922857,,Pass,foot,,
991,1,2168765,734131,,Pass,foot,,
992,1,2170163,897314,,Reception,foot,,
993,1,2170164,897314,,Running with ball,foot,,
994,1,2171274,897314,,Shot not on target,Left foot,5250,240
995,1,2171344,747138,,Block,foot,,
996,1,2172991,740462,,Pass,foot,,
997,1,2177366,736418,,Reception,foot,,
998,1,2179834,736418,,Pass,foot,,
999,1,2182460,507914,897314,Pass,Header,,
1000,1,2184156,1142529,,Pass,foot,,
1001,1,2185540,597710,,Reception,foot,,
1002,1,2185827,597710,,Running with ball,foot,,
1003,1,2186464,597710,,Running with ball,foot,,
1004,1,2187214,1058906,597710,Reception,foot,,
1005,1,2188125,1058906,,Running with ball,foot,,
1006,1,2188805,1058906,,Pass,foot,,
1007,1,2189455,617173,,Pass,foot,,
1008,1,2190692,831314,,Reception,foot,,
1009,1,2191805,831314,,Running with ball,foot,,
1010,1,2192454,831314,,Pass,foot,,
1011,1,2193239,897314,,Reception,foot,,
1012,1,2193736,897314,,Running with ball,foot,,
1013,1,2194366,897314,,Running with ball,foot,,
1014,1,2195460,897314,,Running with ball,foot,,
1015,1,2195948,897314,,Running with ball,foot,,
1016,1,2196326,897314,,Running with ball,foot,,
1017,1,2197075,897314,,Running with ball,foot,,
1018,1,2197829,897314,,Running with ball,foot,,
1019,1,2198376,897314,,Running with ball,foot,,
1020,1,2199325,897314,,Shot not on target,foot,5250,-480
1021,1,2200590,869616,,Hold of ball,,,
1022,1,2216023,869616,,Drop kick,foot,,
1023,1,2218964,551844,,Pass,Header,,
1024,1,2220844,1142529,,Pass,foot,,
1025,1,2224670,,,Out for throw-in,,,
1026,1,2231833,734131,,Pass,Hands (dropped),,
1027,1,2233204,897314,,Pass,Header,,
1028,1,2237009,1061291,,Reception,foot,,
1029,1,2237634,1061291,,Running with ball,foot,,
1030,1,2238098,349538,1061291,Clearance uncontrolled,foot,,
1031,1,2239408,1142529,,Reception,foot,,
1032,1,2239744,1142529,,Running with ball,foot,,
1033,1,2241485,617173,,Reception,foot,,
1034,1,2242086,617173,,Pass,foot,,
1035,1,2242915,997427,,Pass,foot,,
1036,1,2244708,734131,,Reception,foot,,
1037,1,2246334,734131,,Pass,foot,,
1038,1,2247868,747138,897314,Reception,foot,,
1039,1,2249105,747138,,Pass,foot,,
1040,1,2250344,597710,,Reception,foot,,
1041,1,2250795,597710,1058906,Running with ball,foot,,
1042,1,2251425,597710,,Running with ball,foot,,
1043,1,2252605,597710,,Pass,foot,,
1044,1,2253706,740462,,Reception,foot,,
1045,1,2254686,740462,,Running with ball,foot,,
1046,1,2256166,740462,,Running with ball,foot,,
1047,1,2257544,740462,,Pass,foot,,
1048,1,2259404,865302,,Clearance,foot,,
1049,1,2260325,,,Out for throw-in,,,
1050,1,2264654,740462,,Pass,Hands (dropped),,
1051,1,2265928,865302,,Reception,Header,,
1052,1,2268171,865302,,Running with ball,foot,,
1053,1,2268215,952727,865302,Foul - Direct free-kick,,,
1054,1,2305435,865302,,Pass,foot,,
1055,1,2306185,1058906,,Pass,foot,,
1056,1,2308255,865302,,Pass,foot,,
1057,1,2310195,551844,,Pass,foot,,
1058,1,2312498,617173,,Pass,foot,,
1059,1,2314025,997427,,Reception,foot,,
1060,1,2315026,997427,,Running with ball,foot,,
1061,1,2315745,997427,,Pass,foot,,
1062,1,2317026,897314,,Reception,foot,,
1063,1,2317873,897314,,Running with ball,foot,,
1064,1,2317886,897314,,Running with ball,foot,,
1065,1,2319285,897314,,Pass,foot,,
1066,1,2320454,922857,,Reception,foot,,
1067,1,2321395,922857,,Pass,foot,,
1068,1,2322386,865302,,Reception,foot,,
1069,1,2324445,865302,,Pass,foot,,
1070,1,2325885,740462,831314,Reception,foot,,
1071,1,2326536,740462,,Running with ball,foot,,
1072,1,2327875,740462,,Pass,foot,,
1073,1,2327995,865302,,Block,foot,,
1074,1,2329133,1058906,,Pass,foot,,
1075,1,2330236,922857,,Reception,foot,,
1076,1,2331534,922857,,Pass,foot,,
1077,1,2333616,736418,,Reception,foot,,
1078,1,2334746,736418,,Pass,foot,,
1079,1,2337495,997427,,Reception,foot,,
1080,1,2338348,997427,,Running with ball,foot,,
1081,1,2339097,997427,,Running with ball,foot,,
1082,1,2340484,997427,,Running with ball,foot,,
1083,1,2340905,997427,1169228,Running with ball,foot,,
1084,1,2342854,997427,,Pass,foot,,
1085,1,2343825,1061291,,Pass,foot,,
1086,1,2345375,734131,,Cross,foot,,
1087,1,2347514,869616,,Catch,,,
1088,1,2362543,869616,,Drop kick,foot,,
1089,1,2365994,551844,,Pass,Header,,
1090,1,2368017,1142529,,Pass,Header,,
1091,1,2369049,551844,,Reception,foot,,
1092,1,2369785,551844,,Running with ball,foot,,
1093,1,2370515,551844,,Running with ball,foot,,
1094,1,2371794,551844,,Pass,foot,,
1095,1,2373225,734131,,Reception,foot,,
1096,1,2377816,734131,,Running with ball,foot,,
1097,1,2378444,734131,,Pass,foot,,
1098,1,2379502,617173,,Reception,foot,,
1099,1,2380271,617173,,Running with ball,foot,,
1100,1,2380304,617173,704169,Running with ball,foot,,
1101,1,2381566,617173,,Running with ball,foot,,
1102,1,2382115,617173,,Pass,foot,,
1103,1,2382512,1142529,,Clearance,foot,,
1104,1,2382960,,,Out for throw-in,,,
1105,1,2392854,734131,,Pass,Hands (dropped),,
1106,1,2394305,349538,,Reception,foot,,
1107,1,2395327,349538,,Running with ball,foot,,
1108,1,2396146,349538,,Pass,foot,,
1109,1,2398145,1188348,997427,Pass,Header,,
1110,1,2399615,551844,952727,Clearance uncontrolled,foot,,
1111,1,2400144,,,Out for throw-in,,,
1112,1,2418895,349538,,Pass,Hands (dropped),,
1113,1,2420651,747138,,Reception,foot,,
1114,1,2422587,747138,,Running with ball,foot,,
1115,1,2423474,747138,,Pass,foot,,
1116,1,2425624,740462,,Pass,foot,,
1117,1,2426999,704169,,Pass,foot,,
1118,1,2427991,551844,,Pass,foot,,
1119,1,2429160,1058906,,Pass,foot,,
1120,1,2431776,507914,,Pass,foot,,
1121,1,2434255,869616,,Pass,foot,,
1122,1,2435976,349538,,Reception,foot,,
1123,1,2437432,349538,,Pass,foot,,
1124,1,2438773,1169228,,Pass,foot,,
1125,1,2443476,1188348,997427,Reception,foot,,
1126,1,2444086,1188348,,Reception,foot,,
1127,1,2444186,1188348,,Running with ball,foot,,
1128,1,2475613,736418,,Pass,foot,,
1129,1,2475715,551844,,Pass,foot,,
1130,1,2478798,865302,,Reception,foot,,
1131,1,2480506,865302,,Running with ball,foot,,
1132,1,2481675,865302,,Pass,foot,,
1133,1,2483260,551844,,Reception,foot,,
1134,1,2485757,551844,,Running with ball,foot,,
1135,1,2487185,551844,,Pass,foot,,
1136,1,2490025,922857,,Pass,foot,,
1137,1,2491675,997427,,Reception,foot,,
1138,1,2491995,997427,,Pass,foot,,
1139,1,2492806,734131,,Reception,foot,,
1140,1,2494386,734131,,Running with ball,foot,,
1141,1,2494653,734131,,Pass,foot,,
1142,1,2496644,1061291,,Cross,foot,,
1143,1,2496764,747138,,Block,foot,,
1144,1,2497783,,,Out for corner,,,
1145,1,2525821,617173,,Pass,foot,,
1146,1,2527605,952727,,Clearance,Header,,
1147,1,2530213,997427,,Shot not on target,foot,5250,290
1148,1,2531501,,,Out for goal kick,,,
1149,1,2552784,869616,,Pass,foot,,
1150,1,2556047,551844,,Pass,Header,,
1151,1,2558101,831314,,Reception,foot,,
1152,1,2559495,831314,,Running with ball,foot,,
1153,1,2560064,831314,,Pass,foot,,
1154,1,2561496,897314,,Reception,foot,,
1155,1,2561996,897314,,Running with ball,foot,,
1156,1,2563415,897314,,Running with ball,foot,,
1157,1,2565519,897314,,Pass,foot,,
1158,1,2566404,1058906,,Reception,foot,,
1159,1,2567896,1058906,,Running with ball,foot,,
1160,1,2568325,1058906,,Running with ball,foot,,
1161,1,2569366,1058906,,Running with ball,foot,,
1162,1,2570366,1058906,,Running with ball,foot,,
1163,1,2570517,1058906,,Running with ball,foot,,
1164,1,2571920,1058906,,Pass,foot,,
1165,1,2573501,551844,,Reception,foot,,
1166,1,2575008,551844,,Pass,foot,,
1167,1,2577016,734131,,Reception,foot,,
1168,1,2577487,734131,,Running with ball,foot,,
1169,1,2578236,734131,,Running with ball,foot,,
1170,1,2578486,734131,,Running with ball,foot,,
1171,1,2579155,734131,,Running with ball,foot,,
1172,1,2580116,734131,,Running with ball,foot,,
1173,1,2581073,734131,,Pass,foot,,
1174,1,2582437,997427,,Reception,foot,,
1175,1,2583036,997427,,Running with ball,foot,,
1176,1,2584124,997427,,Pass,foot,,
1177,1,2585051,922857,,Reception,foot,,
1178,1,2586254,922857,,Pass,foot,,
1179,1,2589084,997427,,Pass,foot,,
1180,1,2589985,551844,,Reception,foot,,
1181,1,2591476,551844,,Pass,foot,,
1182,1,2592465,865302,,Reception,foot,,
1183,1,2594414,865302,,Pass,foot,,
1184,1,2596636,736418,,Reception,foot,,
1185,1,2597788,736418,,Pass,foot,,
1186,1,2599701,922857,,Reception,foot,,
1187,1,2600452,922857,,Running with ball,foot,,
1188,1,2600965,922857,,Running with ball,foot,,
1189,1,2601555,922857,,Pass,foot,,
1190,1,2602295,997427,,Pass,foot,,
1191,1,2603715,551844,,Reception,foot,,
1192,1,2604716,551844,,Running with ball,foot,,
1193,1,2605765,551844,,Pass,foot,,
1194,1,2607657,734131,,Reception,foot,,
1195,1,2608965,734131,,Running with ball,foot,,
1196,1,2609929,734131,,Pass,foot,,
1197,1,2611464,997427,,Reception,foot,,
1198,1,2612795,997427,,Pass,foot,,
1199,1,2614688,865302,,Reception,foot,,
1200,1,2616216,865302,,Running with ball,foot,,
1201,1,2617413,865302,,Pass,foot,,
1202,1,2619608,617173,,Reception,foot,,
1203,1,2619713,617173,,Pass,foot,,
1204,1,2621217,551844,,Reception,foot,,
1205,1,2622134,551844,,Pass,foot,,
1206,1,2623367,1142529,,Pass,foot,,
1207,1,2624899,1188348,,Reception,foot,,
1208,1,2625547,1188348,,Running with ball,foot,,
1209,1,2625604,1188348,1061291,Running with ball,foot,,
1210,1,2626676,1188348,,Pass,foot,,
1211,1,2626790,997427,,Block,foot,,
1212,1,2626870,1188348,,Reception,foot,,
1213,1,2628491,704169,997427,Pass,foot,,
1214,1,2629244,922857,,Reception,foot,,
1215,1,2629665,922857,,Running with ball,foot,,
1216,1,2630274,922857,,Pass,foot,,
1217,1,2632066,734131,,Pass,foot,,
1218,1,2632194,1188348,,Block,foot,,
1219,1,2635288,1188348,,Pass,foot,,
1220,1,2636991,349538,,Pass,foot,,
1221,1,2638788,1169228,,Reception,foot,,
1222,1,2639243,551844,1169228,Foul - Direct free-kick,,,
1223,1,2666428,349538,,Pass,foot,,
1224,1,2668876,997427,,Pass,Header,,
1225,1,2670625,1188348,,Reception,Header,,
1226,1,2671214,734131,,Pass,foot,,
1227,1,2672975,,,Out for throw-in,,,
1228,1,2681223,349538,,Pass,Hands (dropped),,
1229,1,2684118,747138,,Pass,foot,,
1230,1,2686460,869616,,Reception,foot,,
1231,1,2688047,869616,,Pass,foot,,
1232,1,2690208,1169228,,Pass,Header,,
1233,1,2691600,,,Out for throw-in,,,
1234,1,2699479,734131,,Pass,Hands (dropped),,
1235,1,2700209,,,,,,
1236,1,2700987,747138,,Clearance,foot,,
1237,1,2702055,,,Out for throw-in,,,
1238,1,2709595,734131,,Pass,Hands (dropped),,
1239,1,2710632,831314,,Pass,foot,,
1240,1,2711536,734131,,Reception,foot,,
1241,1,2711786,734131,,Running with ball,foot,,
1242,1,2713134,734131,,Pass,foot,,
1243,1,2713534,1188348,,Reception,foot,,
1244,1,2714369,1142529,,Reception,foot,,
1245,1,2715716,1142529,,Pass,foot,,
1246,1,2716775,1169228,,Reception,Chest,,
1247,1,2718350,,,Out for throw-in,,,
1248,1,2725904,734131,,Pass,Hands (dropped),,
1249,1,2727006,997427,,Reception,foot,,
1250,1,2728506,997427,,Running with ball,foot,,
1251,1,2729345,997427,,Pass,foot,,
1252,1,2731889,865302,,Reception,foot,,
1253,1,2734042,865302,,Running with ball,foot,,
1254,1,2735975,865302,,Pass,foot,,
1255,1,2737136,1061291,740462,Reception,foot,,
1256,1,2739493,1061291,,Reception,foot,,
1257,1,2739766,597710,1061291,Foul - Direct free-kick,,,
1258,1,2767397,617173,,Cross,Left foot,,
1259,1,2769330,869616,,Hold of ball,,,
1260,1,2770255,,,End of Half,,,
1261,2,0,,,HalfTime Start,,,
1262,2,198,952727,,Pass,foot,,
1263,2,1323,1142529,,Pass,foot,,
1264,2,2988,349538,,Reception,foot,,
1265,2,4312,349538,,Pass,foot,,
1266,2,6664,1169228,997427,Pass,Header,,
1267,2,9127,865302,,Pass,foot,,
1268,2,11230,349538,,Pass,Header,,
1269,2,12556,922857,,Reception,foot,,
1270,2,12978,922857,,Running with ball,foot,,
1271,2,13418,922857,,Pass,foot,,
1272,2,14373,831314,,Pass,foot,,
1273,2,15167,897314,,Reception,foot,,
1274,2,16212,897314,,Pass,foot,,
1275,2,17794,734131,,Reception,foot,,
1276,2,18855,734131,,Running with ball,foot,,
1277,2,19661,734131,,Running with ball,foot,,
1278,2,20219,734131,,Running with ball,foot,,
1279,2,21256,734131,,Pass,foot,,
1280,2,21659,747138,,Reception,foot,,
1281,2,23001,1142529,,Pass,foot,,
1282,2,23110,922857,,Block,foot,,
1283,2,23437,617173,,Reception,foot,,
1284,2,24412,747138,,Pass,foot,,
1285,2,30801,,,Out for throw-in,,,
1286,2,36476,997427,,Pass,Hands (dropped),,
1287,2,38497,736418,,Reception,foot,,
1288,2,40445,736418,,Pass,foot,,
1289,2,41669,551844,,Reception,foot,,
1290,2,43248,551844,,Pass,foot,,
1291,2,45639,997427,,Reception,foot,,
1292,2,47685,997427,,Running with ball,foot,,
1293,2,48488,997427,,Pass,foot,,
1294,2,50255,551844,,Reception,foot,,
1295,2,51709,551844,,Running with ball,foot,,
1296,2,52556,551844,,Running with ball,foot,,
1297,2,53373,1169228,,Reception,foot,,
1298,2,54846,1169228,,Running with ball,foot,,
1299,2,56226,1169228,,Running with ball,foot,,
1300,2,57140,1169228,,Running with ball,foot,,
1301,2,57730,1169228,,Running with ball,foot,,
1302,2,58237,1169228,,Running with ball,foot,,
1303,2,59618,1169228,,Running with ball,foot,,
1304,2,60209,1169228,,Running with ball,foot,,
1305,2,60842,1169228,,Running with ball,foot,,
1306,2,61564,1169228,,Running with ball,foot,,
1307,2,62327,1169228,,Running with ball,foot,,
1308,2,63000,551844,1169228,Clearance uncontrolled,foot,,
1309,2,63744,,,Out for corner,,,
1310,2,95120,1142529,,Cross,foot,,
1311,2,96602,997427,,Clearance,Header,,
1312,2,100433,704169,1061291,Pass,Header,,
1313,2,101661,734131,1169228,Pass,foot,,
1314,2,103699,1058906,,Pass,foot,,
1315,2,104683,831314,,Reception,foot,,
1316,2,105868,831314,597710,Running with ball,foot,,
1317,2,106028,597710,831314,Clearance uncontrolled,foot,,
1318,2,106803,,,Out for throw-in,,,
1319,2,117132,1058906,,Pass,Hands (dropped),,
1320,2,118536,865302,,Reception,foot,,
1321,2,119125,865302,,Running with ball,foot,,
1322,2,120175,865302,,Running with ball,foot,,
1323,2,121244,865302,,Running with ball,foot,,
1324,2,122046,865302,,Pass,foot,,
1325,2,124422,997427,,Reception,foot,,
1326,2,126015,997427,,Running with ball,foot,,
1327,2,127333,997427,,Pass,foot,,
1328,2,128531,617173,,Reception,foot,,
1329,2,129166,617173,,Running with ball,foot,,
1330,2,129709,617173,,Pass,foot,,
1331,2,131909,865302,,Reception,foot,,
1332,2,131949,865302,,Running with ball,foot,,
1333,2,133059,952727,,Reception,foot,,
1334,2,133118,865302,952727,Foul - Direct free-kick,,,
1335,2,160476,507914,,Pass,foot,,
1336,2,163362,551844,1169228,Pass,Header,,
1337,2,164828,1142529,,Pass,foot,,
1338,2,166184,952727,551844,Reception,foot,,
1339,2,167470,952727,,Pass,foot,,
1340,2,168584,997427,,Pass,foot,,
1341,2,171777,747138,,Reception,Chest,,
1342,2,173461,747138,,Pass,foot,,
1343,2,173606,1061291,,Block,foot,,
1344,2,177037,,,Out for throw-in,,,
1345,2,187347,349538,,Pass,Hands (dropped),,
1346,2,189266,747138,,Reception,foot,,
1347,2,190153,747138,,Running with ball,foot,,
1348,2,191561,747138,,Pass,foot,,
1349,2,194207,865302,597710,Clearance uncontrolled,Header,,
1350,2,199537,,,Out for throw-in,,,
1351,2,201303,952727,,Pass,Hands (dropped),,
1352,2,203007,740462,,Reception,foot,,
1353,2,204002,740462,1058906,Running with ball,foot,,
1354,2,204726,740462,,Pass,foot,,
1355,2,205835,952727,,Reception,foot,,
1356,2,206866,952727,,Cross,foot,,
1357,2,208635,736418,,Hold of ball,,,
1358,2,215963,736418,,Pass,Hands (dropped),,
1359,2,217977,997427,,Reception,foot,,
1360,2,220804,997427,,Running with ball,foot,,
1361,2,222634,997427,,Pass,foot,,
1362,2,224305,734131,,Pass,foot,,
1363,2,226476,997427,,Reception,foot,,
1364,2,226952,997427,,Running with ball,foot,,
1365,2,227537,997427,,Pass,foot,,
1366,2,229038,551844,,Reception,foot,,
1367,2,230608,551844,,Pass,foot,,
1368,2,236236,747138,,Pass,foot,,
1369,2,237506,869616,,Pass,foot,,
1370,2,239948,617173,704169,Foul - Direct free-kick,,,
1371,2,264041,349538,,Pass,foot,,
1372,2,266702,734131,,Clearance,Header,,
1373,2,268997,1061291,,Reception,foot,,
1374,2,269767,1061291,,Running with ball,foot,,
1375,2,270062,1061291,,Running with ball,foot,,
1376,2,271631,1169228,,Reception,foot,,
1377,2,272623,1169228,,Running with ball,foot,,
1378,2,273019,1169228,,Pass,foot,,
1379,2,273537,1142529,,Reception,foot,,
1380,2,274032,1142529,,Pass,foot,,
1381,2,275422,349538,,Reception,foot,,
1382,2,277236,349538,,Pass,foot,,
1383,2,278568,747138,,Reception,foot,,
1384,2,280692,747138,,Pass,foot,,
1385,2,282805,551844,,Reception,foot,,
1386,2,283792,551844,,Running with ball,foot,,
1387,2,284229,551844,,Running with ball,foot,,
1388,2,284836,551844,,Pass,foot,,
1389,2,286118,831314,,Reception,foot,,
1390,2,286692,831314,,Running with ball,foot,,
1391,2,287301,831314,,Running with ball,foot,,
1392,2,288470,747138,831314,Foul - Direct free-kick,,,
1393,2,296867,747138,,Yellow card,,,
1394,2,376239,617173,,Shot not on target,Left foot,-5250,-210
1395,2,376482,1188348,,Block,foot,,
1396,2,380713,,,Out for corner,,,
1397,2,397337,617173,,Cross,Left foot,,
1398,2,399095,551844,704169,Shot not on target,Header,-5250,200
1399,2,399255,922857,,Reception,foot,,
1400,2,399415,1188348,,Reception,foot,,
1401,2,400622,869616,,Hold of ball,,,
1402,2,403122,869616,,Pass,Hands (dropped),,
1403,2,407289,952727,,Reception,foot,,
1404,2,408262,952727,,Running with ball,foot,,
1405,2,410229,734131,,Reception,foot,,
1406,2,411007,734131,,Pass,foot,,
1407,2,630302,1188348,952729,Substitution,,,
1408,2,634130,736418,,Pass,foot,,
1409,2,635648,865302,,Reception,foot,,
1410,2,639199,865302,,Running with ball,foot,,
1411,2,640346,865302,,Pass,foot,,
1412,2,644127,507914,,Clearance,foot,,
1413,2,645509,,,Out for throw-in,,,
1414,2,651361,1058906,,Pass,Hands (dropped),,
1415,2,652573,617173,,Reception,Chest,,
1416,2,653488,617173,,Pass,foot,,
1417,2,654268,1058906,,Reception,foot,,
1418,2,655337,1058906,,Running with ball,foot,,
1419,2,656229,1058906,,Running with ball,foot,,
1420,2,656751,1058906,,Running with ball,foot,,
1421,2,657729,1058906,,Running with ball,foot,,
1422,2,658005,1058906,,Running with ball,foot,,
1423,2,659895,1058906,,Cross,Left foot,,
1424,2,660970,897314,,Shot not on target,foot,-5250,520
1425,2,662057,869616,,Hold of ball,,,
1426,2,680450,869616,,Drop kick,foot,,
1427,2,681826,952729,,Reception,foot,,
1428,2,682047,997427,,Reception,foot,,
1429,2,682822,,,Out for throw-in,,,
1430,2,686773,952729,,Pass,Hands (dropped),,
1431,2,687486,1142529,,Pass,foot,,
1432,2,688232,952729,,Reception,foot,,
1433,2,688688,952729,,Pass,foot,,
1434,2,689953,551844,740462,Reception,foot,,
1435,2,691016,551844,,Reception,foot,,
1436,2,692228,551844,,Clearance,foot,,
1437,2,694236,,,Out for throw-in,,,
1438,2,718030,349538,,Pass,Hands (dropped),,
1439,2,719753,507914,,Pass,Header,,
1440,2,719904,997427,,Reception,Header,,
1441,2,721781,507914,997427,Pass,Header,,
1442,2,723197,1169228,,Pass,foot,,
1443,2,727298,831314,,Reception,foot,,
1444,2,728625,831314,,Running with ball,foot,,
1445,2,729129,831314,,Running with ball,foot,,
1446,2,730189,831314,,Running with ball,foot,,
1447,2,731562,831314,,Running with ball,foot,,
1448,2,732047,831314,,Running with ball,foot,,
1449,2,733341,831314,,Pass,foot,,
1450,2,733522,740462,,Reception,Chest,,
1451,2,735795,952729,,Reception,foot,,
1452,2,737272,952729,,Running with ball,foot,,
1453,2,737676,952729,,Running with ball,foot,,
1454,2,738367,952729,,Running with ball,foot,,
1455,2,738885,952729,,Running with ball,foot,,
1456,2,739162,922857,952729,Pass,foot,,
1457,2,740482,897314,,Reception,foot,,
1458,2,741572,897314,,Running with ball,foot,,
1459,2,742713,897314,,Pass,foot,,
1460,2,744321,734131,,Reception,foot,,
1461,2,745943,734131,,Cross,foot,,
1462,2,748002,,,Out for goal kick,,,
1463,2,775879,869616,,Pass,foot,,
1464,2,778868,551844,1169228,Pass,Header,,
1465,2,780708,922857,1142529,Pass,Header,,
1466,2,782428,897314,,Pass,Header,,
1467,2,784275,952729,,Reception,Chest,,
1468,2,784572,952729,,Pass,foot,,
1469,2,785955,865302,,Pass,Header,,
1470,2,787696,1061291,,Reception,foot,,
1471,2,787866,1061291,,Running with ball,foot,,
1472,2,788834,1061291,,Pass,foot,,
1473,2,790113,507914,,Reception,foot,,
1474,2,793192,349538,,Pass,foot,,
1475,2,793358,734131,,Reception,foot,,
1476,2,795953,,,Out for throw-in,,,
1477,2,807902,349538,,Pass,Hands (dropped),,
1478,2,809452,997427,1169228,Pass,Header,,
1479,2,810855,1061291,,Reception,foot,,
1480,2,811644,1061291,,Running with ball,foot,,
1481,2,812865,1061291,,Running with ball,foot,,
1482,2,813508,1061291,,Pass,foot,,
1483,2,814865,551844,,Pass,foot,,
1484,2,815182,1169228,,Reception,Chest,,
1485,2,815872,551844,,Reception,foot,,
1486,2,816386,551844,,Running with ball,foot,,
1487,2,816501,1169228,551844,Running with ball,foot,,
1488,2,816512,551844,1169228,Clearance uncontrolled,foot,,
1489,2,817735,1142529,,Pass,Header,,
1490,2,818510,952727,,Pass,foot,,
1491,2,820856,551844,,Reception,foot,,
1492,2,822090,551844,,Running with ball,foot,,
1493,2,822536,551844,,Running with ball,foot,,
1494,2,824134,551844,,Pass,foot,,
1495,2,825501,1061291,,Reception,foot,,
1496,2,826688,1061291,,Running with ball,foot,,
1497,2,827822,1061291,,Running with ball,foot,,
1498,2,829074,1061291,,Pass,foot,,
1499,2,833128,869616,,Reception,foot,,
1500,2,835007,869616,,Running with ball,foot,,
1501,2,835532,869616,,Hold of ball,,,
1502,2,845909,869616,,Pass,Hands (dropped),,
1503,2,847740,740462,,Reception,foot,,
1504,2,848404,740462,,Running with ball,foot,,
1505,2,849128,740462,,Running with ball,foot,,
1506,2,849817,740462,1058906,Running with ball,foot,,
1507,2,849886,1058906,740462,Running with ball,foot,,
1508,2,852008,1058906,,Running with ball,foot,,
1509,2,854333,1058906,,Shot not on target,Left foot,-5250,890
1510,2,854373,1058906,,Chance,,,
1511,2,856373,,,Out for goal kick,,,
1512,2,895125,869616,,Pass,foot,,
1513,2,898739,551844,1169228,Pass,Header,,
1514,2,898819,1169228,,Reception,foot,,
1515,2,899877,704169,,Pass,foot,,
1516,2,902061,617173,1169228,Pass,Header,,
1517,2,902210,1169228,,Reception,Header,,
1518,2,904692,1058906,,Reception,foot,,
1519,2,905343,1058906,,Pass,foot,,
1520,2,906312,740462,,Reception,foot,,
1521,2,907108,617173,740462,Reception,foot,,
1522,2,909990,,,Out for throw-in,,,
1523,2,953692,740462,,Pass,Hands (dropped),,
1524,2,955947,551844,,Pass,Header,,
1525,2,957662,507914,,Pass,foot,,
1526,2,961141,865302,,Pass,Header,,
1527,2,962143,1169228,922857,Pass,Header,,
1528,2,963439,704169,,Reception,Chest,,
1529,2,963861,704169,,Pass,foot,,
1530,2,964198,1061291,,Block,foot,,
1531,2,964792,617173,,Reception,foot,,
1532,2,965221,617173,,Pass,foot,,
1533,2,967055,1058906,597710,Reception,foot,,
1534,2,968422,1058906,,Reception,foot,,
1535,2,969092,1058906,,Pass,foot,,
1536,2,970069,,,Out for throw-in,,,
1537,2,989081,740462,,Pass,Hands (dropped),,
1538,2,991005,507914,,Reception,foot,,
1539,2,992067,507914,,Pass,foot,,
1540,2,994193,869616,,Reception,foot,,
1541,2,995088,869616,,Pass,foot,,
1542,2,996967,507914,,Reception,foot,,
1543,2,997697,507914,,Pass,foot,,
1544,2,998562,740462,,Reception,foot,,
1545,2,999777,740462,,Pass,foot,,
1546,2,1001674,952727,,Reception,foot,,
1547,2,1003089,922857,952727,Reception,foot,,
1548,2,1003420,922857,,Running with ball,foot,,
1549,2,1004069,922857,,Pass,foot,,
1550,2,1005255,997427,,Reception,foot,,
1551,2,1006761,997427,,Pass,foot,,
1552,2,1007493,897314,,Pass,foot,,
1553,2,1009352,349538,,Pass,foot,,
1554,2,1012829,952727,865302,Reception,Header,,
1555,2,1014828,617173,,Pass,foot,,
1556,2,1015917,551844,,Pass,foot,,
1557,2,1017548,617173,,Reception,foot,,
1558,2,1019621,617173,,Running with ball,foot,,
1559,2,1020797,617173,,Pass,foot,,
1560,2,1021949,1061291,,Reception,foot,,
1561,2,1023128,747138,,Pass,foot,,
1562,2,1024518,597710,,Reception,foot,,
1563,2,1025057,597710,865302,Running with ball,foot,,
1564,2,1026264,597710,,Pass,foot,,
1565,2,1027087,952727,,Reception,foot,,
1566,2,1028222,952727,,Pass,foot,,
1567,2,1031530,952729,,Reception,Header,,
1568,2,1032656,952729,,Shot not on target,Left foot,5250,650
1569,2,1034412,,,Out for goal kick,,,
1570,2,1049141,736418,,Pass,foot,,
1571,2,1052039,922857,704169,Foul - Direct free-kick,,,
1572,2,1069357,922857,,Yellow card,,,
1573,2,1104787,349538,,Pass,foot,,
1574,2,1107016,997427,507914,Clearance uncontrolled,Header,,
1575,2,1110329,,,Out for corner,,,
1576,2,1140020,1142529,,Cross,foot,,
1577,2,1141252,865302,507914,Clearance uncontrolled,Header,,
1578,2,1142481,704169,,Pass,Header,,
1579,2,1144063,734131,,Pass,foot,,
1580,2,1146662,831314,,Reception,Header,,
1581,2,1148202,831314,740462,Running with ball,foot,,
1582,2,1148363,740462,831314,Clearance uncontrolled,foot,,
1583,2,1151597,,,Out for throw-in,,,
1584,2,1153839,1058906,,Pass,Hands (dropped),,
1585,2,1156347,865302,,Reception,foot,,
1586,2,1157164,865302,,Running with ball,foot,,
1587,2,1157822,865302,,Pass,foot,,
1588,2,1159102,1058906,,Reception,foot,,
1589,2,1159907,1058906,597710,Running with ball,foot,,
1590,2,1160057,597710,1058906,Clearance uncontrolled,foot,,
1591,2,1160321,,,Out for throw-in,,,
1592,2,1168158,1058906,,Pass,Hands (dropped),,
1593,2,1170349,865302,,Reception,foot,,
1594,2,1171608,865302,,Pass,foot,,
1595,2,1173387,551844,,Reception,foot,,
1596,2,1174909,551844,,Pass,foot,,
1597,2,1176640,997427,,Reception,foot,,
1598,2,1178142,997427,,Running with ball,foot,,
1599,2,1178820,997427,,Pass,foot,,
1600,2,1179888,617173,,Reception,foot,,
1601,2,1180846,617173,,Pass,foot,,
1602,2,1183382,865302,,Reception,Chest,,
1603,2,1185252,865302,,Pass,foot,,
1604,2,1187572,747138,,Reception,foot,,
1605,2,1188828,747138,,Pass,foot,,
1606,2,1189831,952729,,Reception,foot,,
1607,2,1190974,952729,,Pass,foot,,
1608,2,1192537,349538,,Reception,foot,,
1609,2,1193837,349538,,Pass,foot,,
1610,2,1197165,1058906,,Pass,Header,,
1611,2,1200091,740462,,Reception,foot,,
1612,2,1200898,740462,,Pass,foot,,
1613,2,1202171,507914,,Reception,foot,,
1614,2,1202922,507914,,Running with ball,foot,,
1615,2,1204120,507914,,Running with ball,foot,,
1616,2,1205029,507914,,Pass,foot,,
1617,2,1207759,869616,,Reception,foot,,
1618,2,1209102,869616,,Pass,foot,,
1619,2,1212071,1058906,,Pass,Header,,
1620,2,1213278,507914,,Reception,foot,,
1621,2,1215622,897314,,Reception,foot,,
1622,2,1215892,897314,,Pass,foot,,
1623,2,1217715,831314,,Reception,foot,,
1624,2,1218675,831314,,Running with ball,foot,,
1625,2,1220674,831314,,Running with ball,foot,,
1626,2,1221549,831314,,Shot not on target,foot,-5250,-820
1627,2,1223028,,,Out for goal kick,,,
1628,2,1248788,869616,,Pass,foot,,
1629,2,1252178,551844,,Pass,Header,,
1630,2,1253476,1061291,,Pass,Header,,
1631,2,1256228,897314,,Reception,foot,,
1632,2,1257247,897314,,Pass,foot,,
1633,2,1260807,869616,,Reception,foot,,
1634,2,1261807,869616,,Running with ball,foot,,
1635,2,1264850,869616,,Hold of ball,,,
1636,2,1275322,869616,,Drop kick,foot,,
1637,2,1279650,997427,,Reception,foot,,
1638,2,1281897,,,Out for throw-in,,,
1639,2,1289616,349538,,Pass,Hands (dropped),,
1640,2,1290929,952729,,Reception,foot,,
1641,2,1291931,,,Out for throw-in,,,
1642,2,1302390,734131,,Pass,Hands (dropped),,
1643,2,1303350,997427,,Reception,foot,,
1644,2,1303351,997427,,Running with ball,foot,,
1645,2,1305173,997427,,Running with ball,foot,,
1646,2,1306300,997427,,Pass,foot,,
1647,2,1308709,736418,,Pass,foot,,
1648,2,1311417,865302,,Reception,foot,,
1649,2,1312891,865302,,Running with ball,foot,,
1650,2,1314647,865302,,Running with ball,foot,,
1651,2,1315412,865302,,Running with ball,foot,,
1652,2,1316388,865302,,Running with ball,foot,,
1653,2,1317118,865302,,Pass,foot,,
1654,2,1319388,736418,,Reception,foot,,
1655,2,1320717,736418,,Pass,foot,,
1656,2,1322818,922857,,Reception,foot,,
1657,2,1324033,922857,,Running with ball,foot,,
1658,2,1324765,922857,,Running with ball,foot,,
1659,2,1325767,922857,,Running with ball,foot,,
1660,2,1327021,922857,,Running with ball,foot,,
1661,2,1327719,922857,,Pass,foot,,
1662,2,1328769,551844,,Reception,foot,,
1663,2,1329739,551844,,Pass,foot,,
1664,2,1331272,997427,,Reception,foot,,
1665,2,1334360,997427,,Pass,foot,,
1666,2,1336885,736418,,Reception,foot,,
1667,2,1338632,736418,,Pass,foot,,
1668,2,1340234,997427,,Reception,foot,,
1669,2,1341000,997427,,Running with ball,foot,,
1670,2,1342641,997427,,Pass,foot,,
1671,2,1344507,922857,,Reception,foot,,
1672,2,1346197,922857,,Pass,foot,,
1673,2,1347998,551844,,Reception,foot,,
1674,2,1349448,551844,,Running with ball,foot,,
1675,2,1349926,551844,,Pass,foot,,
1676,2,1351647,1058906,,Pass,foot,,
1677,2,1352804,831314,,Reception,foot,,
1678,2,1354198,831314,,Running with ball,foot,,
1679,2,1354752,831314,,Running with ball,foot,,
1680,2,1355939,831314,704169,Running with ball,foot,,
1681,2,1356177,831314,,Running with ball,foot,,
1682,2,1356903,831314,,Pass,foot,,
1683,2,1357440,617173,,Reception,foot,,
1684,2,1358299,617173,,Pass,foot,,
1685,2,1359441,734131,,Reception,foot,,
1686,2,1360687,734131,,Running with ball,foot,,
1687,2,1362496,734131,,Pass,foot,,
1688,2,1363029,349538,,Clearance,Header,,
1689,2,1365090,1058906,,Pass,Header,,
1690,2,1365634,740462,,Clearance,foot,,
1691,2,1368398,865302,,Reception,foot,,
1692,2,1369598,865302,,Pass,Header,,
1693,2,1370472,897314,,Pass,Header,,
1694,2,1371608,865302,,Reception,Chest,,
1695,2,1372406,865302,,Running with ball,foot,,
1696,2,1372799,865302,,Running with ball,foot,,
1697,2,1373536,865302,,Pass,foot,,
1698,2,1374476,617173,,Pass,foot,,
1699,2,1374921,1142529,,Block,foot,,
1700,2,1377581,952729,,Reception,foot,,
1701,2,1378572,952729,,Running with ball,foot,,
1702,2,1380351,1061291,952729,Foul - Direct free-kick,,,
1703,2,1384206,1061291,,Yellow card,,,
1704,2,1410755,1142529,,Pass,foot,,
1705,2,1413048,551844,,Pass,Header,,
1706,2,1415503,922857,,Pass,foot,,
1707,2,1416427,831314,507914,Pass,foot,,
1708,2,1417928,897314,,Reception,foot,,
1709,2,1419428,897314,,Pass,foot,,
1710,2,1421254,747138,1061291,Reception,Header,,
1711,2,1423583,747138,,Reception,foot,,
1712,2,1424427,747138,,Pass,foot,,
1713,2,1424507,734131,,Block,foot,,
1714,2,1424715,1061291,,Reception,Chest,,
1715,2,1425131,747138,1061291,Reception,Chest,,
1716,2,1426628,747138,,Pass,foot,,
1717,2,1430503,617173,,Pass,Header,,
1718,2,1431739,997427,,Pass,foot,,
1719,2,1432250,952729,,Reception,Chest,,
1720,2,1433142,952729,,Running with ball,foot,,
1721,2,1434622,952729,,Running with ball,foot,,
1722,2,1435458,952729,,Running with ball,foot,,
1723,2,1436426,952729,997427,Running with ball,foot,,
1724,2,1438075,952729,,Running with ball,foot,,
1725,2,1438667,997427,952729,Reception,foot,,
1726,2,1439876,922857,,Reception,foot,,
1727,2,1440623,922857,,Running with ball,foot,,
1728,2,1440788,922857,,Pass,foot,,
1729,2,1441728,551844,,Pass,foot,,
1730,2,1443287,997427,,Pass,foot,,
1731,2,1444168,922857,,Reception,foot,,
1732,2,1444817,922857,,Running with ball,foot,,
1733,2,1445718,922857,,Pass,foot,,
1734,2,1448095,617173,,Pass,foot,,
1735,2,1451988,747138,,Pass,foot,,
1736,2,1453852,869616,,Reception,foot,,
1737,2,1455188,869616,,Pass,foot,,
1738,2,1458997,740462,,Pass,foot,,
1739,2,1463747,1169228,,Reception,foot,,
1740,2,1464995,736418,,Catch,,,
1741,2,1465195,736418,,Hold of ball,,,
1742,2,1472329,736418,,Pass,Hands (dropped),,
1743,2,1474848,997427,,Reception,foot,,
1744,2,1476687,997427,,Running with ball,foot,,
1745,2,1478191,997427,,Pass,foot,,
1746,2,1483941,551844,,Reception,foot,,
1747,2,1485358,551844,,Pass,foot,,
1748,2,1486661,617173,,Reception,foot,,
1749,2,1487081,617173,,Running with ball,foot,,
1750,2,1488085,617173,,Pass,foot,,
1751,2,1489021,897314,,Reception,Header,,
1752,2,1490089,897314,,Running with ball,foot,,
1753,2,1491078,897314,,Pass,foot,,
1754,2,1491938,831314,,Reception,foot,,
1755,2,1493718,831314,,Running with ball,foot,,
1756,2,1494162,831314,,Pass,foot,,
1757,2,1494657,922857,,Reception,foot,,
1758,2,1497144,997427,,Reception,foot,,
1759,2,1498210,997427,,Running with ball,foot,,
1760,2,1498831,997427,,Running with ball,foot,,
1761,2,1499820,997427,,Running with ball,foot,,
1762,2,1500278,997427,,Running with ball,foot,,
1763,2,1500948,997427,,Pass,foot,,
1764,2,1501662,1061291,,Reception,foot,,
1765,2,1502412,1061291,,Running with ball,foot,,
1766,2,1502622,1061291,,Pass,foot,,
1767,2,1502912,747138,,Reception,foot,,
1768,2,1504198,747138,,Pass,foot,,
1769,2,1504278,1061291,,Block,foot,,
1770,2,1505370,1061291,747138,Running with ball,foot,,
1771,2,1506122,1061291,,Running with ball,foot,,
1772,2,1507215,704169,1061291,Pass,foot,,
1773,2,1507455,1142529,,Reception,foot,,
1774,2,1508936,865302,952727,Pass,foot,,
1775,2,1511148,897314,,Pass,foot,,
1776,2,1512437,831314,,Reception,foot,,
1777,2,1512688,831314,,Running with ball,foot,,
1778,2,1513487,831314,,Pass,foot,,
1779,2,1514122,1058906,,Reception,foot,,
1780,2,1514553,740462,1058906,Clearance uncontrolled,foot,,
1781,2,1515474,507914,1058906,Reception,foot,,
1782,2,1516997,507914,,Running with ball,foot,,
1783,2,1517936,507914,,Clearance,foot,,
1784,2,1519312,,,Out for throw-in,,,
1785,2,1526057,1058906,,Pass,Hands (dropped),,
1786,2,1527199,831314,,Reception,foot,,
1787,2,1527672,831314,,Running with ball,foot,,
1788,2,1529060,831314,,Pass,foot,,
1789,2,1530708,1058906,,Reception,foot,,
1790,2,1531207,1058906,,Running with ball,foot,,
1791,2,1531958,1058906,,Running with ball,foot,,
1792,2,1532606,1058906,,Pass,foot,,
1793,2,1533316,897314,,Reception,foot,,
1794,2,1534587,897314,,Shot not on target,Left foot,-5250,-200
1795,2,1534667,1142529,,Block,foot,,
1796,2,1535918,,,Out for corner,,,
1797,2,1558292,617173,,Cross,Left foot,,
1798,2,1559993,747138,,Clearance,Header,,
1799,2,1561019,734131,,Reception,foot,,
1800,2,1562517,734131,,Shot not on target,foot,-5250,990
1801,2,1562652,747138,,Reception,Chest,,
1802,2,1564706,1142529,,Clearance,foot,,
1803,2,1565508,,,Out for throw-in,,,
1804,2,1594834,1058906,,Pass,Hands (dropped),,
1805,2,1595994,922857,,Pass,foot,,
1806,2,1597097,1058906,,Reception,foot,,
1807,2,1597563,1058906,,Running with ball,foot,,
1808,2,1598561,1058906,,Running with ball,foot,,
1809,2,1598810,1058906,,Running with ball,foot,,
1810,2,1599770,1058906,,Running with ball,foot,,
1811,2,1600108,1058906,,Pass,foot,,
1812,2,1601707,922857,,Reception,foot,,
1813,2,1602319,922857,,Running with ball,foot,,
1814,2,1603089,922857,,Running with ball,foot,,
1815,2,1603610,922857,,Cross,Left foot,,
1816,2,1603940,597710,,Reception,foot,,
1817,2,1605468,507914,,Pass,foot,,
1818,2,1608273,865302,,Reception,foot,,
1819,2,1609407,865302,,Pass,Header,,
1820,2,1610287,597710,,Pass,foot,,
1821,2,1613077,551844,,Reception,foot,,
1822,2,1614158,551844,,Pass,foot,,
1823,2,1616619,736418,,Reception,foot,,
1824,2,1617734,736418,,Pass,foot,,
1825,2,1619039,551844,,Reception,foot,,
1826,2,1620625,551844,,Pass,foot,,
1827,2,1622618,997427,,Reception,foot,,
1828,2,1624620,997427,,Running with ball,foot,,
1829,2,1625871,997427,,Running with ball,foot,,
1830,2,1626368,997427,,Running with ball,foot,,
1831,2,1627648,997427,,Pass,foot,,
1832,2,1629082,551844,,Pass,foot,,
1833,2,1630692,865302,,Reception,foot,,
1834,2,1632172,865302,,Pass,foot,,
1835,2,1634098,740462,,Pass,Header,,
1836,2,1637081,897314,,Reception,foot,,
1837,2,1638219,897314,,Running with ball,foot,,
1838,2,1638932,897314,507914,Running with ball,foot,,
1839,2,1639872,897314,,Pass,foot,,
1840,2,1641079,734131,952729,Reception,foot,,
1841,2,1642977,1142529,,Pass,foot,,
1842,2,1644851,952729,,Reception,Chest,,
1843,2,1646132,952729,,Pass,foot,,
1844,2,1648852,551844,,Pass,Header,,
1845,2,1650429,997427,1142529,Running with ball,foot,,
1846,2,1652168,997427,,Running with ball,foot,,
1847,2,1653290,997427,,Pass,foot,,
1848,2,1654804,865302,,Reception,foot,,
1849,2,1655979,865302,,Pass,foot,,
1850,2,1657596,1058906,,Reception,foot,,
1851,2,1658323,1058906,,Running with ball,foot,,
1852,2,1658927,1058906,,Running with ball,foot,,
1853,2,1659454,1058906,,Running with ball,foot,,
1854,2,1660484,1058906,,Pass,foot,,
1855,2,1661630,507914,,Pass,foot,,
1856,2,1662448,704169,,Reception,foot,,
1857,2,1662871,704169,,Pass,foot,,
1858,2,1663448,597710,,Reception,foot,,
1859,2,1664080,597710,,Pass,foot,,
1860,2,1665099,740462,,Pass,foot,,
1861,2,1666980,1169228,,Reception,foot,,
1862,2,1667251,1169228,,Pass,foot,,
1863,2,1667977,865302,,Block,foot,,
1864,2,1668353,865302,,Running with ball,foot,,
1865,2,1669802,865302,,Pass,foot,,
1866,2,1671256,997427,,Reception,foot,,
1867,2,1672912,997427,,Pass,foot,,
1868,2,1675062,740462,,Pass,Header,,
1869,2,1677488,831314,,Reception,foot,,
1870,2,1679037,740462,831314,Clearance uncontrolled,foot,,
1871,2,1679669,,,Out for throw-in,,,
1872,2,1696990,507914,1164715,Substitution,,,
1873,2,1710805,1058906,,Pass,Hands (dropped),,
1874,2,1711461,922857,,Pass,foot,,
1875,2,1714618,1058906,,Cross,Left foot,,
1876,2,1716323,1142529,,Clearance,foot,,
1877,2,1718132,952727,,Reception,foot,,
1878,2,1719489,952727,,Pass,foot,,
1879,2,1720815,740462,,Pass,foot,,
1880,2,1722790,865302,,Pass,Header,,
1881,2,1724719,922857,,Pass,foot,,
1882,2,1727832,740462,,Reception,foot,,
1883,2,1729640,740462,,Pass,foot,,
1884,2,1732075,865302,,Reception,Chest,,
1885,2,1733848,865302,,Pass,foot,,
1886,2,1735035,831314,1164715,Reception,foot,,
1887,2,1736189,831314,,Reception,foot,,
1888,2,1736701,831314,1164715,Running with ball,foot,,
1889,2,1737941,831314,,Reception,foot,,
1890,2,1738562,831314,,Running with ball,foot,,
1891,2,1738991,831314,,Running with ball,foot,,
1892,2,1740170,831314,,Pass,foot,,
1893,2,1740320,1164715,,Block,foot,,
1894,2,1741297,,,Out for corner,,,
1895,2,1762443,617173,,Cross,Left foot,,
1896,2,1767368,734131,,Cross,foot,,
1897,2,1768587,869616,,Hold of ball,,,
1898,2,1770973,997427,869616,Foul - Direct free-kick,,,
1899,2,1779841,997427,,Yellow card,,,
1900,2,1811480,869616,,Pass,foot,,
1901,2,1814425,1169228,997427,Pass,Header,,
1902,2,1816481,1058906,,Pass,foot,,
1903,2,1818930,1164715,,Pass,Header,,
1904,2,1820190,952729,,Pass,foot,,
1905,2,1821161,551844,,Pass,Header,,
1906,2,1821990,704169,,Pass,Header,,
1907,2,1823737,551844,,Pass,foot,,
1908,2,1824660,1142529,,Pass,foot,,
1909,2,1828766,997427,,Pass,foot,,
1910,2,1831006,736418,,Pass,foot,,
1911,2,1832959,349538,,Reception,foot,,
1912,2,1834058,551844,,Reception,foot,,
1913,2,1836411,1061291,,Pass,Header,,
1914,2,1837925,1164715,,Pass,foot,,
1915,2,1838608,747138,,Reception,Chest,,
1916,2,1840785,1061291,,Pass,foot,,
1917,2,1841616,734131,,Reception,foot,,
1918,2,1842870,734131,,Pass,foot,,
1919,2,1844999,831314,,Reception,foot,,
1920,2,1845770,831314,,Running with ball,foot,,
1921,2,1846530,831314,,Shot on target,foot,-5250,70
1922,2,1846975,869616,,Diving save,,,
1923,2,1848545,869616,,Hold of ball,,,
1924,2,1858628,869616,,Drop kick,foot,,
1925,2,1864959,865302,,Reception,foot,,
1926,2,1865968,865302,,Running with ball,foot,,
1927,2,1866537,865302,,Running with ball,foot,,
1928,2,1867135,865302,,Running with ball,foot,,
1929,2,1868059,865302,,Pass,foot,,
1930,2,1868249,597710,,Block,foot,,
1931,2,1868489,,,Out for throw-in,,,
1932,2,1884980,1058906,,Pass,Hands (dropped),,
1933,2,1885641,922857,,Pass,foot,,
1934,2,1886406,1058906,,Pass,foot,,
1935,2,1888658,952729,,Reception,foot,,
1936,2,1889447,952729,734131,Running with ball,foot,,
1937,2,1889527,734131,952729,Pass,foot,,
1938,2,1889603,952729,,Reception,foot,,
1939,2,1891866,997427,,Pass,foot,,
1940,2,1894172,349538,,Pass,foot,,
1941,2,1895687,952729,,Reception,foot,,
1942,2,1897277,997427,,Reception,foot,,
1943,2,1898372,997427,,Running with ball,foot,,
1944,2,1899235,997427,,Pass,foot,,
1945,2,1901899,736418,,Pass,foot,,
1946,2,1904389,865302,,Reception,foot,,
1947,2,1906712,865302,,Running with ball,foot,,
1948,2,1907257,865302,,Pass,foot,,
1949,2,1908358,922857,,Pass,foot,,
1950,2,1910130,865302,,Reception,foot,,
1951,2,1911130,865302,,Pass,foot,,
1952,2,1913097,551844,,Reception,foot,,
1953,2,1914130,551844,,Pass,foot,,
1954,2,1915748,997427,,Reception,foot,,
1955,2,1917000,997427,,Pass,foot,,
1956,2,1918162,617173,,Reception,foot,,
1957,2,1919219,617173,,Running with ball,foot,,
1958,2,1920004,617173,,Running with ball,foot,,
1959,2,1921279,617173,,Running with ball,foot,,
1960,2,1922896,617173,,Pass,foot,,
1961,2,1923576,1058906,,Reception,foot,,
1962,2,1924647,1058906,,Running with ball,foot,,
1963,2,1924960,1058906,740462,Running with ball,foot,,
1964,2,1925874,1058906,,Pass,foot,,
1965,2,1926935,897314,,Reception,foot,,
1966,2,1928441,897314,,Running with ball,foot,,
1967,2,1929700,897314,,Pass,foot,,
1968,2,1931892,869616,,Hold of ball,,,
1969,2,1935341,869616,,Pass,Hands (dropped),,
1970,2,1939673,865302,,Reception,foot,,
1971,2,1940800,865302,,Running with ball,foot,,
1972,2,1941510,865302,,Pass,foot,,
1973,2,1942556,831314,,Pass,foot,,
1974,2,1944287,865302,,Reception,foot,,
1975,2,1945079,865302,952727,Running with ball,foot,,
1976,2,1947550,865302,,Reception,foot,,
1977,2,1948433,865302,,Pass,foot,,
1978,2,1949320,922857,,Reception,foot,,
1979,2,1949892,922857,,Running with ball,foot,,
1980,2,1950485,922857,,Running with ball,foot,,
1981,2,1951433,922857,,Pass,foot,,
1982,2,1953750,734131,,Reception,foot,,
1983,2,1955032,734131,,Pass,foot,,
1984,2,1956308,997427,,Pass,foot,,
1985,2,1958856,734131,,Cross,foot,,
1986,2,1960346,869616,,Hold of ball,,,
1987,2,1968191,869616,,Drop kick,foot,,
1988,2,1971722,551844,,Reception,foot,,
1989,2,1974645,736418,,Pass,foot,,
1990,2,1976708,551844,,Reception,foot,,
1991,2,1978031,551844,,Running with ball,foot,,
1992,2,1979178,551844,,Running with ball,foot,,
1993,2,1981940,551844,,Pass,foot,,
1994,2,1984900,734131,,Reception,foot,,
1995,2,1985890,734131,,Pass,foot,,
1996,2,1987042,1061291,,Reception,foot,,
1997,2,1987972,1061291,,Shot not on target,foot,-5250,130
1998,2,1988212,747138,,Block,Chest,,
1999,2,1990256,1058906,704169,Reception,foot,,
2000,2,1991541,740462,,Pass,foot,,
2001,2,1995848,952729,,Pass,foot,,
2002,2,1997842,1169228,,Reception,foot,,
2003,2,1999272,1169228,,Running with ball,foot,,
2004,2,2000118,1169228,,Pass,foot,,
2005,2,2001801,551844,,Pass,foot,,
2006,2,2003422,1061291,,Reception,foot,,
2007,2,2004280,1061291,,Pass,foot,,
2008,2,2004923,922857,,Reception,foot,,
2009,2,2006181,922857,,Running with ball,foot,,
2010,2,2007266,922857,,Running with ball,foot,,
2011,2,2008111,922857,,Pass,foot,,
2012,2,2011388,869616,,Reception,foot,,
2013,2,2014813,869616,,Hold of ball,,,
2014,2,2033401,869616,,Drop kick,foot,,
2015,2,2036574,997427,,Reception,foot,,
2016,2,2037280,997427,,Running with ball,foot,,
2017,2,2038720,997427,,Running with ball,foot,,
2018,2,2039183,997427,,Pass,foot,,
2019,2,2040872,551844,,Pass,foot,,
2020,2,2043550,997427,,Reception,foot,,
2021,2,2045271,997427,,Running with ball,foot,,
2022,2,2047218,997427,,Pass,foot,,
2023,2,2048367,922857,,Reception,foot,,
2024,2,2048786,922857,,Running with ball,foot,,
2025,2,2050294,922857,,Pass,foot,,
2026,2,2052619,734131,,Pass,Header,,
2027,2,2053985,1061291,747138,Shot on target,foot,-5250,-280
2028,2,2054551,869616,,Diving save,Hands (punched),,
2029,2,2055313,,,Out for corner,,,
2030,2,2086979,617173,,Cross,Left foot,,
2031,2,2088584,1164715,,Clearance,Header,,
2032,2,2090439,,,Out for corner,,,
2033,2,2114421,617173,,Cross,Left foot,,
2034,2,2115916,997427,,Shot on target,Header,-5250,150
2035,2,2116577,869616,,Diving save,Hands (punched),,
2036,2,2116857,,,Out for corner,,,
2037,2,2131796,617173,,Cross,Left foot,,
2038,2,2133583,997427,,Shot not on target,Header,-5250,-870
2039,2,2135559,,,Out for goal kick,,,
2040,2,2153783,1061291,1194328,Substitution,,,
2041,2,2162832,869616,,Pass,foot,,
2042,2,2164579,551844,,Reception,foot,,
2043,2,2169382,704169,,Pass,Header,,
2044,2,2171297,997427,,Pass,Header,,
2045,2,2174713,736418,,Hold of ball,,,
2046,2,2175590,736418,,Pass,Hands (dropped),,
2047,2,2177662,997427,,Reception,foot,,
2048,2,2178152,997427,,Running with ball,foot,,
2049,2,2180271,997427,,Running with ball,foot,,
2050,2,2182015,997427,,Running with ball,foot,,
2051,2,2183344,997427,,Pass,foot,,
2052,2,2186813,831314,,Reception,foot,,
2053,2,2187582,831314,,Shot not on target,foot,-5250,210
2054,2,2187662,1164715,,Block,foot,,
2055,2,2190949,,,Out for corner,,,
2056,2,2209288,617173,,Cross,Left foot,,
2057,2,2211688,865302,1164715,Shot not on target,Header,-5250,-130
2058,2,2211809,1164715,,Block,Chest,,
2059,2,2213420,,,Out for corner,,,
2060,2,2236366,617173,,Cross,Left foot,,
2061,2,2238481,551844,,Shot not on target,Header,-5250,-450
2062,2,2240057,869616,,Hold of ball,,,
2063,2,2255860,869616,,Drop kick,foot,,
2064,2,2259563,997427,,Pass,Header,,
2065,2,2261141,897314,,Reception,Header,,
2066,2,2263456,740462,,Reception,foot,,
2067,2,2264159,740462,,Pass,foot,,
2068,2,2265182,952727,,Reception,foot,,
2069,2,2266332,952727,,Running with ball,foot,,
2070,2,2267194,952727,,Running with ball,foot,,
2071,2,2268040,952727,,Pass,foot,,
2072,2,2269670,597710,,Reception,foot,,
2073,2,2270498,597710,,Running with ball,foot,,
2074,2,2271386,597710,,Shot not on target,foot,5250,-1000
2075,2,2271426,597710,,Chance,,,
2076,2,2272244,,,Out for goal kick,,,
2077,2,2298484,952727,1126502,Substitution,,,
2078,2,2299739,1142529,401851,Substitution,,,
2079,2,2314652,736418,,Pass,foot,,
2080,2,2316738,551844,,Pass,foot,,
2081,2,2319082,865302,,Reception,foot,,
2082,2,2319763,865302,,Running with ball,foot,,
2083,2,2321976,865302,,Pass,foot,,
2084,2,2324041,1164715,,Pass,Header,,
2085,2,2325166,597710,,Reception,Chest,,
2086,2,2325863,597710,1058906,Running with ball,foot,,
2087,2,2327199,597710,,Running with ball,foot,,
2088,2,2327581,597710,,Pass,foot,,
2089,2,2328480,401851,,Reception,foot,,
2090,2,2328938,865302,401851,Foul - Direct free-kick,,,
2091,2,2344573,1164715,,Pass,foot,,
2092,2,2346374,1169228,,Pass,foot,,
2093,2,2347510,997427,,Pass,foot,,
2094,2,2349916,747138,,Reception,foot,,
2095,2,2350895,747138,,Pass,foot,,
2096,2,2352559,349538,,Reception,foot,,
2097,2,2353452,349538,,Pass,foot,,
2098,2,2358060,,,Out for throw-in,,,
2099,2,2360361,997427,,Pass,Hands (dropped),,
2100,2,2361726,736418,,Reception,foot,,
2101,2,2363500,736418,,Pass,foot,,
2102,2,2365925,865302,,Reception,foot,,
2103,2,2368129,865302,,Running with ball,foot,,
2104,2,2369287,865302,,Running with ball,foot,,
2105,2,2370501,865302,,Pass,foot,,
2106,2,2373185,997427,,Reception,Chest,,
2107,2,2374413,997427,,Running with ball,foot,,
2108,2,2375710,997427,,Pass,foot,,
2109,2,2376700,922857,,Reception,foot,,
2110,2,2377210,922857,,Running with ball,foot,,
2111,2,2377745,922857,,Running with ball,foot,,
2112,2,2379175,922857,,Running with ball,foot,,
2113,2,2380096,922857,,Pass,foot,,
2114,2,2383530,734131,,Reception,foot,,
2115,2,2384434,734131,,Running with ball,foot,,
2116,2,2385450,734131,,Running with ball,foot,,
2117,2,2386431,734131,,Pass,foot,,
2118,2,2387285,831314,,Reception,foot,,
2119,2,2387726,831314,,Running with ball,foot,,
2120,2,2388891,831314,,Pass,foot,,
2121,2,2389120,952729,,Block,foot,,
2122,2,2389747,831314,1126502,Reception,foot,,
2123,2,2389905,1126502,,Reception,foot,,
2124,2,2390318,1126502,,Running with ball,foot,,
2125,2,2390683,1126502,,Running with ball,foot,,
2126,2,2392593,922857,,Pass,foot,,
2127,2,2393747,997427,,Reception,foot,,
2128,2,2395192,997427,,Pass,foot,,
2129,2,2396390,831314,,Reception,foot,,
2130,2,2396976,831314,,Pass,foot,,
2131,2,2397540,734131,,Pass,foot,,
2132,2,2398558,831314,,Pass,foot,,
2133,2,2399517,704169,,Pass,foot,,
2134,2,2401494,997427,,Reception,foot,,
2135,2,2401978,997427,,Pass,foot,,
2136,2,2402868,922857,,Reception,foot,,
2137,2,2404200,922857,,Pass,foot,,
2138,2,2405356,734131,,Reception,foot,,
2139,2,2405733,734131,952729,Running with ball,foot,,
2140,2,2406651,734131,,Running with ball,foot,,
2141,2,2407378,734131,,Pass,foot,,
2142,2,2409180,1194328,,Cross,foot,,
2143,2,2409330,704169,,Block,foot,,
2144,2,2410148,401851,,Reception,foot,,
2145,2,2411497,401851,,Clearance,foot,,
2146,2,2414842,,,Out for throw-in,,,
2147,2,2421641,734131,,Pass,Hands (dropped),,
2148,2,2423192,997427,,Reception,foot,,
2149,2,2424742,997427,,Running with ball,foot,,
2150,2,2425187,997427,,Running with ball,foot,,
2151,2,2425581,997427,,Pass,foot,,
2152,2,2427590,551844,,Pass,foot,,
2153,2,2430590,865302,,Pass,foot,,
2154,2,2431711,831314,,Reception,foot,,
2155,2,2432602,831314,,Running with ball,foot,,
2156,2,2433379,831314,1164715,Running with ball,foot,,
2157,2,2433539,1164715,831314,Running with ball,foot,,
2158,2,2434779,1164715,,Running with ball,foot,,
2159,2,2435410,831314,1164715,Foul - Direct free-kick,,,
2160,2,2461242,869616,,Pass,foot,,
2161,2,2464737,1169228,,Pass,Header,,
2162,2,2466760,1058906,,Pass,foot,,
2163,2,2467894,704169,,Reception,foot,,
2164,2,2468624,704169,,Pass,foot,,
2165,2,2469939,1058906,704169,Reception,foot,,
2166,2,2470742,1058906,,Pass,foot,,
2167,2,2471350,897314,,Reception,foot,,
2168,2,2471932,897314,,Pass,foot,,
2169,2,2472718,922857,,Pass,foot,,
2170,2,2473577,1194328,,Pass,foot,,
2171,2,2474773,897314,,Reception,foot,,
2172,2,2475133,897314,,Running with ball,foot,,
2173,2,2475702,401851,897314,Foul - Direct free-kick,,,
2174,2,2496691,865302,,Pass,foot,,
2175,2,2497611,617173,,Pass,foot,,
2176,2,2498488,865302,,Reception,foot,,
2177,2,2500204,865302,,Pass,foot,,
2178,2,2501516,551844,,Reception,foot,,
2179,2,2502228,551844,,Pass,foot,,
2180,2,2503894,997427,,Reception,foot,,
2181,2,2504589,997427,,Pass,foot,,
2182,2,2505894,922857,,Reception,foot,,
2183,2,2507004,922857,,Pass,foot,,
2184,2,2508999,617173,,Reception,foot,,
2185,2,2509982,617173,,Running with ball,foot,,
2186,2,2511021,617173,,Pass,foot,,
2187,2,2512233,1058906,,Reception,foot,,
2188,2,2513327,1058906,,Running with ball,foot,,
2189,2,2513852,1058906,,Running with ball,foot,,
2190,2,2514867,1058906,,Cross,foot,,
2191,2,2516782,869616,,Hold of ball,,,
2192,2,2533311,869616,,Drop kick,foot,,
2193,2,2537033,865302,,Reception,foot,,
2194,2,2539017,740462,,Pass,foot,,
2195,2,2540204,597710,,Reception,foot,,
2196,2,2540748,597710,,Pass,foot,,
2197,2,2540818,1058906,,Block,foot,,
2198,2,2541861,,,Out for throw-in,,,
2199,2,2553437,740462,,Pass,Hands (dropped),,
2200,2,2555179,551844,,Pass,Header,,
2201,2,2558322,740462,,Pass,foot,,
2202,2,2561002,747138,,Pass,foot,,
2203,2,2563240,869616,,Reception,foot,,
2204,2,2565206,869616,,Pass,foot,,
2205,2,2567559,865302,,Reception,foot,,
2206,2,2569038,865302,,Pass,foot,,
2207,2,2569541,922857,1126502,Pass,foot,,
2208,2,2570181,401851,,Reception,foot,,
2209,2,2571363,865302,401851,Foul - Direct free-kick,,,
2210,2,2594955,349538,,Pass,foot,,
2211,2,2597151,1169228,865302,Pass,Header,,
2212,2,2598822,736418,,Catch,,,
2213,2,2604692,736418,,Pass,Hands (dropped),,
2214,2,2607460,1058906,,Reception,foot,,
2215,2,2608038,1058906,,Running with ball,foot,,
2216,2,2608573,1058906,,Running with ball,foot,,
2217,2,2609945,1058906,,Pass,foot,,
2218,2,2611619,551844,,Reception,foot,,
2219,2,2612865,551844,,Pass,foot,,
2220,2,2614625,997427,,Reception,foot,,
2221,2,2615826,997427,,Pass,foot,,
2222,2,2616900,1194328,,Reception,foot,,
2223,2,2617786,1194328,,Pass,foot,,
2224,2,2618518,922857,,Pass,foot,,
2225,2,2620415,997427,,Reception,foot,,
2226,2,2621627,997427,,Pass,foot,,
2227,2,2623801,865302,,Reception,foot,,
2228,2,2625245,865302,,Running with ball,foot,,
2229,2,2625878,865302,,Pass,foot,,
2230,2,2627052,1058906,,Reception,foot,,
2231,2,2627256,740462,1058906,Foul - Direct free-kick,,,
2232,2,2643127,865302,,Pass,foot,,
2233,2,2646683,997427,,Pass,foot,,
2234,2,2648006,734131,,Reception,foot,,
2235,2,2648997,734131,,Running with ball,foot,,
2236,2,2649787,734131,,Pass,foot,,
2237,2,2651411,1194328,,Cross,foot,,
2238,2,2652734,747138,,Clearance,Header,,
2239,2,2655240,734131,,Shot on target,Header,-5250,-220
2240,2,2656281,869616,,Hold of ball,,,
2241,2,2656351,869616,,Catch save,,,
2242,2,2658308,869616,,Pass,Hands (dropped),,
2243,2,2662647,1169228,,Reception,foot,,
2244,2,2663252,1169228,,Running with ball,foot,,
2245,2,2664134,1169228,,Running with ball,foot,,
2246,2,2666747,1169228,,Running with ball,foot,,
2247,2,2667180,1169228,,Pass,foot,,
2248,2,2668470,740462,,Reception,foot,,
2249,2,2669402,740462,,Pass,foot,,
2250,2,2671901,551844,,Pass,Chest,,
2251,2,2673425,597710,,Reception,foot,,
2252,2,2674365,597710,,Pass,foot,,
2253,2,2674821,1058906,,Reception,foot,,
2254,2,2676253,922857,,Pass,foot,,
2255,2,2677569,551844,,Reception,foot,,
2256,2,2678769,551844,,Pass,foot,,
2257,2,2680427,997427,,Reception,foot,,
2258,2,2681591,997427,,Running with ball,foot,,
2259,2,2682061,997427,,Pass,foot,,
2260,2,2683627,922857,,Reception,foot,,
2261,2,2684988,922857,,Pass,foot,,
2262,2,2686553,865302,,Reception,foot,,
2263,2,2688610,865302,,Running with ball,foot,,
2264,2,2689744,865302,,Pass,foot,,
2265,2,2690791,740462,,Pass,foot,,
2266,2,2692030,922857,,Pass,foot,,
2267,2,2692885,740462,,Reception,Chest,,
2268,2,2695056,740462,922857,Running with ball,foot,,
2269,2,2695093,922857,740462,Clearance uncontrolled,foot,,
2270,2,2696537,597710,,Pass,foot,,
2271,2,2698815,551844,1169228,Pass,Header,,
2272,2,2700103,,,,,,
2273,2,2700532,740462,,Pass,foot,,
2274,2,2706826,,,Out for throw-in,,,
2275,2,2707193,551844,,Pass,Hands (dropped),,
2276,2,2708595,736418,,Reception,foot,,
2277,2,2709988,736418,,Pass,foot,,
2278,2,2711593,997427,,Reception,foot,,
2279,2,2712861,997427,,Running with ball,foot,,
2280,2,2714415,997427,,Pass,foot,,
2281,2,2715986,1194328,,Reception,foot,,
2282,2,2716789,1194328,,Running with ball,foot,,
2283,2,2717216,1194328,,Pass,foot,,
2284,2,2718122,997427,,Reception,foot,,
2285,2,2718706,997427,,Running with ball,foot,,
2286,2,2719216,997427,,Pass,foot,,
2287,2,2721282,865302,,Reception,foot,,
2288,2,2722254,865302,,Running with ball,foot,,
2289,2,2723840,865302,,Running with ball,foot,,
2290,2,2724577,865302,,Pass,foot,,
2291,2,2725875,551844,,Reception,foot,,
2292,2,2726720,551844,,Pass,foot,,
2293,2,2727747,922857,,Reception,foot,,
2294,2,2728440,922857,,Running with ball,foot,,
2295,2,2730384,922857,,Pass,foot,,
2296,2,2732640,997427,,Reception,foot,,
2297,2,2733384,997427,,Pass,foot,,
2298,2,2735046,734131,,Reception,foot,,
2299,2,2735620,734131,,Running with ball,foot,,
2300,2,2736301,734131,,Running with ball,foot,,
2301,2,2737042,734131,,Running with ball,foot,,
2302,2,2738179,747138,734131,Clearance uncontrolled,foot,,
2303,2,2739409,,,Out for throw-in,,,
2304,2,2744914,734131,,Pass,Hands (dropped),,
2305,2,2746673,997427,,Reception,foot,,
2306,2,2747017,997427,,Running with ball,foot,,
2307,2,2747957,997427,,Running with ball,foot,,
2308,2,2748479,997427,,Pass,foot,,
2309,2,2750789,865302,,Reception,foot,,
2310,2,2752926,865302,,Pass,foot,,
2311,2,2754846,349538,1194328,Clearance uncontrolled,Header,,
2312,2,2757871,922857,,Reception,foot,,
2313,2,2759100,922857,,Pass,foot,,
2314,2,2759849,1194328,,Pass,foot,,
2315,2,2761098,922857,,Pass,foot,,
2316,2,2762147,617173,,Reception,foot,,
2317,2,2762747,617173,,Running with ball,foot,,
2318,2,2763600,617173,,Running with ball,foot,,
2319,2,2764321,617173,,Running with ball,foot,,
2320,2,2765166,617173,,Running with ball,foot,,
2321,2,2765974,617173,,Running with ball,foot,,
2322,2,2767494,,,Out for goal kick,,,
2323,2,2796611,869616,,Pass,foot,,
2324,2,2799945,1169228,865302,Pass,Header,,
2325,2,2803186,922857,,Pass,foot,,
2326,2,2804035,997427,,Reception,foot,,
2327,2,2804707,997427,,Running with ball,foot,,
2328,2,2805138,997427,,Pass,foot,,
2329,2,2806466,617173,,Reception,foot,,
2330,2,2807757,617173,,Pass,foot,,
2331,2,2811200,831314,740462,Running with ball,foot,,
2332,2,2811430,740462,831314,Clearance uncontrolled,foot,,
2333,2,2812451,,,Out for throw-in,,,
2334,2,2816169,831314,,Pass,Hands (dropped),,
2335,2,2816792,1058906,,Pass,foot,,
2336,2,2817542,831314,,Reception,foot,,
2337,2,2818295,831314,,Running with ball,foot,,
2338,2,2818967,831314,,Running with ball,foot,,
2339,2,2820239,831314,,Pass,foot,,
2340,2,2822063,997427,,Reception,foot,,
2341,2,2823754,997427,,Shot not on target,foot,-5250,170
2342,2,2824205,747138,,Block,Header,,
2343,2,2830778,,,Out for throw-in,,,
2344,2,2832662,734131,,Pass,Hands (dropped),,
2345,2,2834522,551844,704169,Running with ball,foot,,
2346,2,2834642,704169,551844,Running with ball,foot,,
2347,2,2835752,704169,,Pass,foot,,
2348,2,2836633,1169228,,Reception,foot,,
2349,2,2838264,1169228,,Running with ball,foot,,
2350,2,2839262,1169228,,Running with ball,foot,,
2351,2,2839989,1169228,,Running with ball,foot,,
2352,2,2840753,1169228,,Running with ball,foot,,
2353,2,2841532,997427,,Pass,foot,,
2354,2,2848555,922857,,Reception,foot,,
2355,2,2852116,922857,,Running with ball,foot,,
2356,2,2853247,922857,,Running with ball,foot,,
2357,2,2855018,922857,,Pass,foot,,
2358,2,2856001,1194328,,Reception,foot,,
2359,2,2857837,1194328,,Running with ball,foot,,
2360,2,2859234,1194328,,Running with ball,foot,,
2361,2,2860264,1194328,,Pass,foot,,
2362,2,2861157,997427,,Reception,foot,,
2363,2,2862870,997427,,Running with ball,foot,,
2364,2,2863622,997427,,Pass,foot,,
2365,2,2865657,865302,,Reception,foot,,
2366,2,2867250,865302,,Running with ball,foot,,
2367,2,2868884,865302,,Running with ball,foot,,
2368,2,2869991,865302,,Pass,foot,,
2369,2,2872555,997427,,Reception,foot,,
2370,2,2873133,997427,,Pass,foot,,
2371,2,2874623,734131,,Reception,foot,,
2372,2,2875422,734131,,Running with ball,foot,,
2373,2,2876060,734131,,Running with ball,foot,,
2374,2,2876363,734131,704169,Running with ball,foot,,
2375,2,2877533,734131,,Running with ball,foot,,
2376,2,2878745,734131,,Pass,foot,,
2377,2,2879641,617173,,Reception,foot,,
2378,2,2880617,747138,,Pass,foot,,
2379,2,2881272,401851,,Reception,foot,,
2380,2,2882455,401851,,Pass,foot,,
2381,2,2947320,736418,,Reception,foot,,
2382,2,2947982,736418,,Pass,foot,,
2383,2,2949536,551844,,Reception,foot,,
2384,2,2950902,551844,,Pass,foot,,
2385,2,2952874,997427,,Reception,foot,,
2386,2,2953616,997427,,Running with ball,foot,,
2387,2,2954440,997427,,Pass,foot,,
2388,2,2955874,734131,,Reception,foot,,
2389,2,2956862,734131,,Running with ball,foot,,
2390,2,2957940,734131,,Pass,foot,,
2391,2,2959134,1194328,,Reception,foot,,
2392,2,2960479,1194328,,Running with ball,foot,,
2393,2,2962803,1194328,,Running with ball,foot,,
2394,2,2963133,1194328,,Running with ball,foot,,
2395,2,2963502,1194328,,Running with ball,foot,,
2396,2,2964907,1194328,,Pass,foot,,
2397,2,2966396,997427,,Reception,foot,,
2398,2,2968201,997427,,Running with ball,foot,,
2399,2,2969164,997427,,Pass,foot,,
2400,2,2971259,865302,,Reception,foot,,
2401,2,2972715,865302,,Pass,foot,,
2402,2,2974669,349538,,Clearance,Header,,
2403,2,2975892,617173,,Reception,foot,,
2404,2,2977522,401851,,Pass,foot,,
2405,2,2981370,736418,,Reception,foot,,
2406,2,2982551,736418,,Running with ball,foot,,
2407,2,2983193,736418,,Pass,foot,,
2408,2,2984667,997427,,Reception,foot,,
2409,2,2985548,997427,,Running with ball,foot,,
2410,2,2986622,997427,,Running with ball,foot,,
2411,2,2987177,997427,,Pass,foot,,
2412,2,2989488,551844,,Pass,foot,,
2413,2,2991222,865302,,Reception,foot,,
2414,2,2992209,865302,,Pass,foot,,
2415,2,2993079,831314,,Pass,foot,,
2416,2,2994354,1058906,,Pass,foot,,
2417,2,2995542,865302,,Reception,foot,,
2418,2,2995660,401851,865302,Foul - Direct free-kick,,,
2419,2,3003881,401851,,Yellow card,,,
2420,2,3033096,897314,,Pass,foot,,
2421,2,3033765,401851,551844,Foul - Penalty,,,
2422,2,3050660,401851,,Yellow card,,,
2423,2,3050760,401851,,Red card,,,
2424,2,3107055,1058906,869616,Shot on target,Left foot,-5250,210
2425,2,3107095,1058906,,Chance,,,
2426,2,3107486,869616,,Diving save,Hands (punched),,
2427,2,3110415,,,End of Half,,,
